SPECIES_NAME,DIET,FISH_ID,1998/CH,1998/DG,1998/SB,1998/SC,1998/TF,2000/CP,2000/DG,2000/SC,2000/CH,2000/SB,2000/TF,2000/SV,2000/BB,2002/BB,2002/DG,2002/SB,2002/SC,2002/SV,2002/CP,2002/TF,2004/CP,2004/DG,2004/SC,2004/SB,2004/HM,2004/SV,2004/BB,2006/CR,2006/DG,2006/CP,2006/SB,2006/SC,2006/SH,2006/SV,2006/TF,2008/BB,2008/CP,2008/CR,2008/DG,2008/SC,2008/SH,2008/SV,2008/TF,2010/CP,2010/CR,2010/DG,2010/HM,2010/SB,2010/SC,2010/SH,2010/SV,2010/TF,2012/BB,2012/CP,2012/CR,2012/DG,2012/ER,2012/SV,2012/SC,2012/SB,2012/SH,2012/TF,2014/BB,2014/CP,2014/CR,2014/CH,2014/DG,2014/SV,2014/SC,2014/SB,2014/SH,2014/TF,2016/SC,2016/DG,2016/CR,2016/SH,2016/SV,2016/CP,2016/TF,2016/CH,2016/SB,2016/ER,2018/BB,2018/CP,2018/CR,2018/DG,2018/ER,2018/SV,2018/SC,2018/SB,2018/SH,2018/TF
Blue Angelfish,Sponges,1,0,2,0,0,0,0,0,0,0,0,0,0,0,0,0,0,0,2,0,0,0,3,2,0,0,0,0,0,0,0,0,0,0,0,0,0,0,0,0,0,0,0,0,0,0,0,0,0,0,0,0,0,1,0,0,0,0,0,0,0,0,0,0,0,0,0,0,2,2,0,0,0,0,0,0,0,0,0,0,0,0,0,0,2,2,0,4,2,0,0,0,1
Cherubfish,Algae,2,0,0,0,0,0,0,0,0,0,0,0,0,0,0,0,0,0,0,0,0,0,0,0,0,0,0,0,0,0,0,2,0,0,0,0,0,0,0,0,0,0,0,0,0,0,0,0,0,0,0,0,0,0,0,0,0,0,0,0,0,0,0,0,0,0,0,0,0,0,0,0,0,0,0,0,0,0,0,0,0,0,0,0,1,0,3,2,0,3,2,0,1
French Angelfish,Sponges,3,1,1.333333333,2,2,1.25,1,1,1.166666667,1,2,1,1.285714286,1.290476191,1.666666667,2,0,2,2,0,2,0,1.6,1,1.6,2,2,2,1.666666667,2,0,2,1.75,2,2,2,1.6,2,1.5,1.666666667,1.5,1.8,2,1.666666667,1.5,1.333333333,1.333333333,1.666666667,1.166666667,1,1.5,1,1.333333333,1,2,1.4,1.5,1.5,1.4,1.5,1.75,1.6,1.8,1,1.5,1.25,1.25,1.5,1.25,1,1,1,1.333333333,0,1,0,0,0,0,2,2,0,1,2,1.4,1.333333333,1.75,2.142857143,2,1.6,2,1.777777778,1.666666667
Gray Angelfish,Sponges,4,0,0,0,1,1,0,0,0,0,1,1,0,0,0,0,0,2,1,0,0,0,0,0,0,0,0,0,1,0,0,2,0,0,0,0,0,0,0,0,0,0,2,0,1,1,1.5,1,1.5,1,1,1.5,1,0,0,1,0,0,1.666666667,0,0,1,1,0,0,0,0,0,2,0,2,0,1,0,0,0,0,0,0,0,0,0,0,1,1,1,0,0,1,1,1,1.25,2
Queen Angelfish,Sponges,5,1.222222222,2,1.333333333,0,1,0,0,0,1.6,1,1,1,0,2,2,2,1,1.666666667,0,1.5,0,1.666666667,0,1.666666667,0,1,1,1.5,1,2,1.4,1.5,2,0,1.833333333,2,1,1.333333333,0,1,1.666666667,1.25,1.333333333,1,1,1.333333333,0,1,1,2,1,1.5,1,1,1.333333333,1,1,1.8,1.2,1.5,1,1.5,1,2,1,1,1,1.25,1.5,1,1.25,1.333333333,0,0,0,1,1.5,1,2,1,2,1,1.5,1.666666667,2.5,2,2,2.666666667,1.25,1.25,1.333333333,1.833333333
Rock Beauty,Sponges,6,2.375,2.5,2,2,1.75,1.5,2.5,1.833333333,2.333333333,2.25,1.75,2,2.033333333,2,2,3,2,2,2,2,2.5,2,1.6,1.75,0,2.333333333,2,1.75,2.25,2,2,2,1.75,2,1.666666667,1.666666667,1.75,1.75,2,1.8,2,1.9,1.5,1.6,1.6,2,1,2,1.75,2,1,1.666666667,1.5,1.8,1.5,2,2.25,1.857142857,1.5,2,2,2,2,2.2,2,2,1.5,2.2,2,2,2.25,1.5,0,1.75,0,0,2,2,1.666666667,1.333333333,0,1,2,1.666666667,1.833333333,1.9,2,1.8,1.4,1.833333333,2,1.875
Great Barracuda,Fish,7,1.666666667,1,1.5,0,1.5,1,1,1.333333333,2,1.666666667,2,1,1.6,1,1,2.75,2,1.333333333,1,1,1,1,0,1.666666667,1.6,2,1,1.2,1.666666667,1.5,1,0,1.5,1,1,1.25,2,1.583333333,1.75,2,1.666666667,2,2,0,1.5,1.666666667,0,1,1.666666667,1,1,0,1.285714286,1,1.2,1.5,1.2,1.5,1,0,1.333333333,1.4,1,1,1,0,1,1,2,1,0,1,0,1,1,0,0,0,0,0,0,1,1,1,1.375,1.777777778,1.875,1.4,1,1.25,1.25,1.666666667
Southern Sennet,Fish,8,0,0,0,0,0,0,0,0,0,0,0,3,0,0,0,0,0,0,0,0,0,0,0,0,0,0,0,0,0,0,0,0,0,0,0,0,0,0,0,0,0,2,2,0,0,0,0,0,0,0,0,0,0,0,0,0,0,0,0,0,0,0,0,0,0,0,0,0,0,0,0,0,0,0,0,0,0,0,0,0,0,0,0,0,0,0,0,0,0,0,1.5,4
Blackcap Basslet,Zooplankton,9,0,0,0,0,0,0,0,0,0,0,0,0,0,0,0,0,0,0,0,0,0,0,0,0,0,0,0,0,0,0,0,0,0,0,0,0,0,0,0,0,0,0,0,2,1,2,3,2,0,0,0,2,2,3,3,3,3,2,3,2,2,3,0,0,0,0,0,0,0,0,0,0,0,0,0,0,0,0,0,0,0,0,2,3,0,2.666666667,1,3,2,3,0,2.5
Fairy Basslet,Zooplankton,10,3.75,3.333333333,3.333333333,4,3.2,3,3.25,2.714285714,3,3.2,2.571428571,3.25,2.947142857,2.333333333,2.5,4.333333333,2.333333333,2.666666667,2.5,2.666666667,2.6,2.875,3,2.625,3,3,2.6,2.428571429,3.166666667,2.5,2.333333333,2.714285714,2.571428571,2.8,2.571428571,2.75,2.777777778,2.777777778,2.555555556,2.625,2.285714286,2.818181818,2.727272727,2.714285714,2.428571429,3,3,3,2.75,2.833333333,2.2,3,2.166666667,2.4,2.333333333,2.833333333,2.8,2.333333333,2.6,2.166666667,2.4,2.333333333,2.833333333,2.2,2.666666667,2.666666667,2.666666667,2.666666667,2.666666667,2.5,2.5,2.428571429,2,2.666666667,2,0,2.5,2.2,2.25,2.5,3.333333333,2.5,2.888888889,2.727272727,2.666666667,2.9,3,2.7,3.111111111,2.555555556,3.2,3.125
Threeline Basslet,Zooplankton,11,0,0,0,0,0,0,0,0,0,0,0,0,0,0,0,0,0,0,0,0,0,2,0,0,0,0,0,0,0,0,0,0,0,0,0,0,0,0,0,0,0,0,0,0,0,0,0,0,0,0,0,0,0,0,0,0,0,0,0,0,0,0,0,0,0,0,0,0,0,0,0,0,0,0,0,0,0,0,0,0,0,0,0,0,0,2,0,0,0,0,0,1
Arrow Blenny,Unidentified,12,0,0,0,0,0,2,0,0,0,0,1,0,0,0,0,0,0,0,0,0,0,0,0,0,0,0,0,0,0,0,0,0,0,0,0,0,0,0,0,0,0,0,0,2,0,1.5,0,0,0,0,1,0,0,0,0,0,0,0,0,0,0,0,0,0,0,0,0,0,0,0,0,0,0,0,0,0,0,0,0,0,0,0,0,0,0,0,0,0,0,0,1,0
Diamond Blenny,Unidentified,13,0,2,0,0,0,0,0,0,0,0,0,0,0,0,0,0,0,2,0,0,0,0,0,0,0,0,0,0,0,0,0,0,0,0,0,0,0,0,0,0,0,0,0,0,0,1.5,1.5,1,0,0,0,0,0,0,0,0,0,0,0,0,0,0,0,0,0,0,0,0,0,0,0,0,0,0,0,0,0,0,0,0,0,0,0,2,2,1.5,1,1.5,2,2,2,2
Redlip Blenny,Unidentified,14,0,0,0,0,0,0,0,0,0,0,0,0,0,0,0,0,0,2,0,2,0,0,0,0,0,0,0,0,0,0,0,0,0,0,0,0,0,0,0,0,0,0,0,0,0,1,0,0,0,0,1,0,0,0,0,0,0,0,0,0,0,0,0,0,0,0,0,0,0,0,0,0,0,0,0,0,0,0,0,0,0,0,0,2,2,3,3,2,0,1,2,0
Rosy Blenny,Unidentified,15,0,1,0,0,1,0,0,0,0,0,0,0,0,0,0,0,0,0,0,0,0,0,0,0,0,0,0,0,0,0,0,0,0,0,0,0,0,0,0,0,0,0,0,0,0,0,0,0,0,0,0,0,0,0,0,0,0,0,0,0,0,0,0,0,0,2,0,0,0,0,0,0,0,0,0,0,0,0,0,0,0,0,0,0,0,0,0,0,2,0,0,1
Saddled Blenny,Unidentified,16,0,0,0,0,0,0,0,0,0,0,0,0,0,0,0,0,0,0,0,0,0,0,0,0,0,0,0,0,0,0,0,0,0,0,0,0,0,0,0,0,0,0,0,0,0,1,1,0,1,0,0,1,0,0,0,0,0,0,0,0,0,0,0,0,0,0,0,0,0,2,2,0,0,0,0,0,0,0,0,0,0,0,0,0,0,0,2,2,0,2,1.5,2
Sailfin Blenny,Unidentified,17,0,0,0,0,0,1,0,0,0,0,0,0,0,0,0,0,0,0,0,0,0,0,0,0,0,0,0,0,0,0,0,0,0,0,0,0,0,0,0,0,0,0,0,0,0,0,0,0,0,0,0,0,0,0,0,0,0,0,0,0,0,0,0,0,0,0,0,0,0,0,0,0,0,0,0,0,0,0,0,0,0,0,0,0,0,0,0,0,0,0,0,0
Seaweed Blenny,Unidentified,18,0,0,0,0,0,0,0,0,0,0,0,0,0,0,0,0,0,0,0,0,0,0,0,0,0,0,0,0,0,0,0,0,0,0,0,0,0,0,0,0,0,0,0,0,0,0,0,0,0,0,0,0,0,0,0,0,0,0,0,0,0,0,0,0,0,0,0,0,0,0,0,0,0,0,0,0,0,0,0,0,0,0,1,0,1,0,1,0,0,0,0,0
Darkheaded Blenny,Unidentified,19,0,0,0,0,0,0,0,0,0,0,0,0,0,0,0,0,0,0,0,0,0,0,0,0,0,0,0,0,0,0,0,0,0,0,0,0,0,0,0,0,0,0,0,0,0,0,0,0,0,0,0,0,0,0,0,0,0,0,0,0,0,0,0,0,0,0,0,0,0,0,0,0,0,0,0,0,0,0,0,0,0,0,0,0,0,3,0,0,0,1,0,1
Hairy Blenny ,Unidentified,20,0,0,0,0,0,0,0,0,0,0,0,0,0,0,0,0,0,0,0,0,0,0,0,0,0,0,0,0,0,0,0,0,0,0,0,0,0,0,0,0,0,0,0,0,0,0,0,0,0,0,0,0,0,0,0,0,0,0,0,0,0,0,0,0,0,0,0,0,0,0,0,0,0,0,0,0,0,0,0,0,0,0,0,1,0,1,0,0,0,0,0,2
Molly Miller ,Unidentified,21,0,0,0,0,0,0,0,0,0,0,0,0,0,0,0,0,0,0,0,0,0,0,0,0,0,0,0,0,0,0,0,0,0,0,0,0,0,0,0,0,0,0,0,2,2,1.5,2.333333333,3,2,0,1.666666667,3,0,0,0,0,0,0,0,0,0,0,0,0,0,0,0,0,0,0,0,0,0,0,0,0,0,0,0,0,0,0,0,0,0,3,0,0,2,0,0,1
Pearl Blenny,Unidentified,22,0,0,0,0,0,0,0,0,0,0,0,0,0,0,0,0,0,0,0,0,0,0,0,0,0,0,0,0,0,0,0,0,0,0,0,0,0,0,0,0,0,0,0,0,0,0,0,0,0,0,0,0,0,0,0,0,0,0,0,0,0,0,0,0,0,0,0,0,0,0,2,0,0,0,0,0,0,0,0,0,0,0,0,1,0,1,0,0,1,0,0,0
Roughhead Blenny,Unidentified,23,0,0,0,0,0,0,0,0,0,0,0,0,0,0,0,0,0,0,0,0,0,0,0,0,0,0,0,0,0,0,0,0,0,0,0,0,0,0,0,0,0,0,0,0,0,0,0,0,0,0,0,0,0,0,0,0,0,0,0,0,0,0,0,0,0,0,0,0,0,0,0,0,0,0,0,0,0,0,0,0,0,0,0,0,0,0,0,0,0,0,0,0
Secretary Blenny,Unidentified,24,0,0,0,0,0,0,0,0,0,0,0,0,0,0,0,0,0,0,0,0,0,0,0,0,0,0,0,0,0,0,0,0,0,0,0,0,0,0,0,0,0,0,0,0,0,0,0,0,0,0,0,0,0,0,0,0,0,0,0,0,0,0,0,0,0,0,0,0,0,0,0,0,0,2,0,0,0,0,0,0,0,0,0,0,1,0,0,0,0,0,0,0
Spiny Blenny,Unidentified,25,0,0,0,0,0,0,0,0,0,0,0,0,0,0,0,0,0,0,0,0,0,0,0,0,0,0,0,0,0,0,0,0,0,0,0,0,0,0,0,0,0,0,0,0,0,0,0,0,0,0,0,0,0,0,0,0,0,0,0,0,0,0,0,0,0,0,0,0,0,0,0,0,0,0,0,0,0,0,0,0,0,0,0,0,0,0,0,0,0,0,0,0
Unidentified Triplefin,Unidentified,26,0,0,0,0,0,0,0,0,0,0,0,0,0,0,0,0,0,0,0,0,0,0,0,0,0,0,0,0,0,0,0,0,0,0,0,0,0,0,0,0,0,0,0,0,0,0,0,0,0,0,0,0,0,0,0,0,0,0,0,0,0,0,0,0,0,0,0,0,0,0,0,0,0,0,0,0,0,0,0,0,0,0,0,1,0,0,0,0,0,0,0,0
Wrasse Bleny,Unidentified,27,0,0,0,0,0,0,0,0,0,0,0,0,0,0,0,0,0,0,0,0,0,0,0,0,0,0,0,0,0,0,0,0,0,0,0,0,0,0,0,0,0,0,0,0,0,0,0,0,0,0,0,0,0,0,0,0,0,0,0,0,0,0,0,0,0,0,0,0,0,0,0,0,0,0,0,0,0,0,0,0,0,0,0,0,0,0,2,0,0,1,1,0
Boga,Zooplankton,28,0,0,0,0,0,0,0,0,0,0,0,0,0,0,0,0,0,0,0,0,0,0,0,0,0,0,0,0,0,0,0,0,0,0,0,0,0,0,0,0,0,0,0,0,0,0,0,0,0,0,0,0,0,0,0,0,0,0,0,0,0,0,0,0,0,0,0,0,0,0,0,0,0,0,0,0,0,0,0,0,0,0,0,0,1,2,2,0,1,1,0,0
Bonnetmouth,Zooplankton,29,0,0,0,0,0,0,0,0,0,0,0,0,0,0,0,0,0,0,0,0,0,0,0,0,0,0,0,0,0,0,0,0,0,0,0,0,0,0,0,0,0,0,0,0,0,0,0,0,0,0,0,0,0,0,0,0,0,0,0,0,0,0,0,0,0,0,0,0,0,0,0,0,0,0,0,0,0,0,0,0,0,0,0,0,0,2,0,0,0,0,0,0
Honeycomb Cowfish,Sponges,30,0,1,0,0,0,0,0,0,0,0,0,0,0,0,0,0,0,0,0,0,0,0,0,0,0,0,0,0,0,0,0,0,0,0,0,0,0,0,0,0,0,0,0,0,0,0,0,0,0,0,0,0,0,0,0,0,0,0,0,0,0,0,0,0,0,0,0,1,0,0,0,1,0,0,0,0,0,0,0,0,0,0,0,1,1,1,1,1,1,0,0,1
Scrawled Cowfish,Sponges,31,0,0,0,0,0,0,0,0,0,0,0,0,0,0,0,0,0,0,0,1,0,0,0,0,0,0,0,0,0,0,0,0,0,0,0,0,0,0,0,0,0,0,0,0,0,0,0,0,0,0,0,0,2,3,3,3,3,3,3,3,3,3,0,1,0,0,0,0,0,0,0,0,0,0,0,0,0,0,0,0,0,0,0,0,0,1,0,0,0,0,0,1
Smooth Trunkfish,Crustaceans,32,1,1.25,1.666666667,0,1.5,2,1,1.333333333,2,2,1.25,1,0,2,2,0,2,1.5,2,1,0,0,0,0,0,0,0,0,0,0,0,0,0,0,0,0,0,0,0,0,0,0,0,1,0,1,1,0,2,1,0,1,0,0,0,0,0,0,0,0,0,0,1.333333333,1.5,1,1.333333333,1,0,1,1.333333333,0,1.5,1,1,1,0,0,1,1.4,1.5,2,1,2,1.166666667,1.5,2.25,1.666666667,1.8,1,1.6,2.25,1.75
Spotted Trunkfish,Crustaceans,33,0,1,1,0,0,1,0,1,0,0,2,1,0,2,1.5,8.125,1,1.5,2,0,0,0,0,0,0,0,0,0,0,0,0,0,0,0,0,0,0,0,0,0,0,0,0,0,0,0,0,0,0,0,0,0,0,0,0,0,0,0,0,0,0,0,0,1,2,1.5,1,1.5,0,0,1,1,0,0,0,0,0,0,1,2,0,1,2,1.6,1,1.5,1.333333333,1,1,1,1.5,1.833333333
Banded Butterflyfish,Coral,34,0,2,2.25,0,2,2,1,1.5,1.5,2,2,2,1.8,3,3,0,0,2,0,2,0,0,0,2,0,0,0,1,0,0,0,0,0,0,0,1.5,1.75,2,1.5,2,1.666666667,1.6,1,0,0,0,1,0,1,0,0,0,1,1,1,0,0,1,0,0,1,1,2.166666667,1.666666667,2.333333333,2,2.5,2,2.166666667,2,2.5,1.857142857,3,2,2,2,2,1.5,2,2,0,2,2,2.25,2.166666667,2,2.166666667,2.142857143,2.166666667,2,2,2.142857143
Foureye Butterflyfish,Coral,35,2.333333333,2.166666667,2.571428571,2,2.5,2.333333333,2,2.333333333,2.333333333,2.75,2.2,2.625,2.448333333,2.5,2.25,9.3125,2,2.333333333,2,2,0,0,0,0,0,0,0,0,0,0,0,0,0,0,0,0,0,0,0,0,0,0,0,0,0,0,0,0,0,0,0,0,0,0,0,0,0,0,0,0,2,1,2.285714286,2.571428571,2.428571429,2.333333333,2.2,2.857142857,2.428571429,2.5,2.714285714,2.5,3,2,2,2.333333333,2.5,1.25,2,2.333333333,2.666666667,2,2.428571429,1.9,2.625,2.333333333,2.666666667,2.777777778,2.555555556,2.428571429,2.222222222,2
Longsnout Butterflyfish,Coral,36,0,0,0,0,0,0,0,0,0,0,0,0,0,0,0,0,0,0,0,0,1,1.333333333,1,1.666666667,0,2.333333333,1.25,2,0,2,2,1,0,1,2.2,1.75,1.428571429,1.5,1.4,1.333333333,1.333333333,1.5,1.5,0,1.6,2,1.5,1.25,1.333333333,1.666666667,1.5,2,1,1.75,1.333333333,2,2,2.25,1.333333333,1.75,2,1.333333333,0,0,0,0,0,0,0,0,0,0,0,0,0,0,0,0,0,0,0,0,2,0,0,1,1,0,0,1,0,1
Reel Butterflyfish,Coral,37,0,0,0,0,0,0,0,0,0,0,0,0,0,0,0,0,0,0,0,0,1,0,0,1,0,0,0,1,1,0,1.5,0,1,0,1.5,1,2,1,0,0,0,2,1.5,0,1,1,0,1,1,0,0,1,1,1.333333333,1.5,1.5,0,1,1,2,0,1,0,0,0,0,0,2,0,0,0,0,0,0,0,0,0,0,0,0,0,0,2,3,2,2,3,2,1.5,2,2,1.333333333
Spotfin Butterflyfish,Coral,38,1.833333333,2,2,0,2,2,0,2,2.333333333,1.666666667,2,2,2,2.5,3,10.25,2,2,2,2,0,0,1.5,1.833333333,2,1.333333333,2,2,2,3,2,2,3,2.25,2.5,2.4,2.2,2.2,2.2,2,2.142857143,2,2.333333333,2,2.166666667,2,2,1.666666667,1.666666667,2.333333333,2,2.5,1.8,2,2,2.2,2,1.75,2,1.666666667,1.666666667,2,0,2,1.5,0,1,1.666666667,0,2,2,1.833333333,0,2,0,0,1,2,2,1,0,0,2.5,1.4,1.666666667,2,2,1.333333333,1.5,2,2,2
Barred Cardinalfish,Unidentified,39,0,0,0,0,0,0,0,0,0,0,0,0,0,0,0,0,0,0,0,0,1.857142857,2.333333333,2.125,2,2,2.5,2,2,2.4,1.833333333,2.125,2.25,2.2,2.25,2,2.2,2.5,2,2.375,2,2.428571429,1.923076923,2.142857143,2.333333333,2.4,1.8,2,2,2.2,2.25,2,2.666666667,2.125,2.25,2.142857143,2.25,2,2,2.142857143,2.125,2.142857143,2,0,0,0,0,0,0,0,0,0,0,0,0,0,0,0,0,0,0,0,0,0,1,0,0,0,0,0,0,0,0
Belted Cardinalfish,Unidentified,40,0,0,0,0,0,0,0,0,0,0,0,0,0,0,0,0,0,0,0,0,0,0,0,0,0,0,0,0,0,0,3,1,0,0,3,0,0,0,0,0,0,0,0,0,2,0,0,1,0,0,0,0,0,0,0,0,0,1,0,1,0,0,0,0,0,0,0,0,0,0,0,0,0,0,0,0,0,0,0,0,0,0,0,0,0,1,0,0,0,0,0,0
Flamefish,Unidentified,41,0,0,0,0,0,0,0,0,0,0,0,1,0,0,0,0,0,0,0,0,0,0,0,0,0,0,0,0,0,0,0,0,0,0,0,0,0,0,0,0,0,0,0,0,0,0,0,0,0,0,0,0,0,0,0,0,0,0,0,0,0,0,3,0,0,0,2,0,0,0,0,0,0,0,0,0,0,0,0,0,0,0,0,0,0,1,0,0,0,0,0,0
Twospot Cardinalfish,Zooplankton,42,0,0,0,0,0,0,0,0,0,0,0,0,0,0,0,0,0,0,0,0,0,0,0,0,0,0,0,0,0,0,0,0,0,0,0,0,0,0,0,0,0,0,0,0,0,0,0,0,0,0,0,0,0,0,0,0,0,1,0,0,0,0,0,0,0,0,0,0,0,0,0,0,0,0,0,0,0,0,0,0,0,0,0,0,0,0,0,0,0,0,0,0
Whitestar Cardinalfish,Zooplankton,43,0,0,0,0,0,0,0,0,0,0,0,0,0,0,0,0,0,0,0,0,0,0,0,0,0,0,0,0,0,0,0,0,0,0,0,0,0,0,0,0,0,0,0,0,0,0,0,0,0,0,0,0,1,0,0,0,0,0,0,0,0,0,0,0,0,0,0,0,0,0,0,0,0,0,0,0,0,0,0,0,0,0,0,0,0,0,0,0,0,0,0,0
Sponge Cardinalfish,Zooplankton,44,0,0,0,0,0,0,0,0,0,0,0,0,0,0,0,0,0,0,0,0,0,0,0,0,0,0,0,0,0,0,0,0,0,0,0,0,0,0,0,0,0,0,0,0,0,0,0,0,0,0,0,0,0,0,0,0,0,0,0,0,0,0,0,0,0,0,0,0,0,0,0,0,0,0,0,0,0,0,0,0,0,0,0,0,0,0,0,0,0,0,0,0
Blue Chromis,Zooplankton,45,3.888888889,3.5,3.428571429,4,3.2,3.333333333,3.5,3.375,3.666666667,3.166666667,3.2,3.25,3.331666667,2.75,3,0,3,3.333333333,0,3,0,0,0,0,0,0,0,0,0,0,0,0,0,0,0,0,0,0,0,0,0,0,0,0,0,0,0,0,0,0,0,0,0,0,0,0,0,0,0,0,0,0,3.285714286,3.571428571,3.571428571,3.428571429,3.5,3.428571429,3.714285714,3.5,3.571428571,3.25,2,3.5,3.25,0,3,3,3.333333333,3.833333333,3.75,3,3.428571429,3.6,3.5,3.727272727,3.666666667,3.555555556,3.875,2.75,3.3,3.3
Brown Chromis,Zooplankton,46,0,3,3,0,3,3,2,0,4,4,3,4,0,4,3.5,13.25,3,3,3.5,4,0,0,0,0,0,0,0,0,0,0,0,0,0,0,0,0,0,0,0,0,0,0,0,0,0,0,0,0,0,0,0,0,0,0,0,0,0,0,0,1,0,0,3.333333333,3.333333333,3.666666667,3.333333333,3.25,3.333333333,4,3.333333333,4,3.333333333,0,0,0,0,0,0,0,0,0,0,3,2.8,2.666666667,2.25,2.5,2.75,2.5,2.666666667,3,3.2
Purple Reeffish,Zooplankton,47,0,0,2,0,0,0,0,0,0,0,0,0,0,0,0,0,0,0,4,0,0,0,0,0,0,0,0,0,0,0,0,0,0,0,0,0,0,0,0,0,0,0,0,0,0,0,0,0,0,0,0,0,0,0,0,0,0,0,0,0,0,0,0,0,0,0,0,0,0,0,0,0,0,0,0,0,0,0,0,0,0,0,1,3,0,2,0,0,3,0,2,2
Sunshinefish,Zooplankton,48,0,1,0,0,0,0,0,0,0,0,0,0,0,0,0,0,0,0,0,0,3.4,3,3.444444444,3.111111111,3.285714286,3.166666667,3.333333333,2.714285714,2.833333333,2.833333333,2.75,3.428571429,2.285714286,2.6,2.666666667,2.625,2.8,2.666666667,2.7,2.666666667,2.25,2.8,3.1,3.428571429,2.833333333,3.5,3.2,3.4,3,3.25,2.8,3,2.875,3.25,3.285714286,3.142857143,3.142857143,3.333333333,3,3.142857143,3.571428571,3.25,0,0,0,0,0,0,0,0,2,0,0,0,0,0,0,0,0,0,0,0,0,1,1,1.5,1,1,3,0,0,2
Yellowtail Reeffish,Zooplankton,49,0,0,0,0,0,0,0,0,0,0,0,0,0,0,0,0,0,0,0,0,0,4,3,3,0,0,0,2.5,0,0,3.5,3,0,0,4,0,0,0,0,0,0,2,0,3,2,2.5,3,3,3,3.5,3,4,2.333333333,2.6,2.333333333,4,2.75,2,3,2.333333333,2.5,2.666666667,0,0,0,0,0,0,0,0,0,0,0,0,0,0,0,0,0,0,0,0,0,0,1,0,1.5,0,0,0,0,0
Beaugregory,Algae,50,0,0,0,0,0,0,0,0,0,0,0,0,0,0,0,0,0,2,1,0,0,0,0,0,0,0,0,0,0,0,0,0,0,0,0,0,0,0,0,0,0,0,0,0,0,3,0,0,0,0,0,0,0,0,0,0,0,0,0,0,0,0,0,0,0,0,0,0,0,0,0,0,0,0,0,0,0,0,0,0,0,0,3,1.666666667,1.666666667,2,2.333333333,2,2,2,1,2.25
Bicolor Damselfish,Algae,51,3,2.4,2,3,2.5,2,2.666666667,0,2.5,2.666666667,2.5,2.833333333,0,3,2.5,13.875,2.5,3,2.5,2.5,0,0,0,0,0,0,0,0,0,0,0,0,0,0,0,0,0,0,0,0,0,0,0,0,0,0,0,0,0,0,0,0,0,0,0,0,0,0,0,0,0,0,2.714285714,2.428571429,3,2.571428571,2.333333333,2.571428571,2.5,2.2,3,2.375,0,0,0,0,2,3,0,0,0,0,2.75,2.428571429,3.142857143,3,2.666666667,2.571428571,2.833333333,2.8,3,2.375
Cocoa Damselfish,Algae,52,0,0,2,0,0,0,0,0,0,0,0,0,0,0,0,0,0,0,0,0,0,0,0,0,0,0,0,0,0,0,0,0,0,0,0,0,0,0,0,0,0,0,0,0,1.5,0,2,0,0,0,0,0,0,0,0,0,0,0,0,0,0,0,2,2,3,3,2,2,0,2,2,2,0,0,0,0,0,0,0,0,0,0,4,2.666666667,2,3,2,2,2,2,2,2.5
Dusky Damselfish,Algae,53,2.5,2.4,2,2,2,2.333333333,2.333333333,1,2.5,3,2.25,3.2,2.39,2,1.666666667,13.91666667,2,1.666666667,2,0,0,0,0,0,2,0,0,0,0,0,0,0,0,0,0,0,2,2,0,1,0,3,0,0,1,0,1,0,2,1,0,0,1,2,2.5,2.5,3,2,3,3,1.5,2,1.25,2.25,2,1.5,1.5,2,1.666666667,2,1.8,2,0,2.333333333,2,0,2,0,2,2,2,1.333333333,2.333333333,2.8,3.111111111,3.375,3,3.125,2.375,2.428571429,2.777777778,2.222222222
Longfin Damselfish,Algae,54,0,0,0,0,0,0,0,0,0,0,0,0,0,0,0,0,0,0,0,0,2,2.25,2,2.375,2.25,2,2.333333333,3,2.333333333,2,2.8,3,3,0,2.75,2.5,3,2.6,2.75,3,2.75,3,2.333333333,2,2,2.25,2,2.333333333,3,3,2,2.333333333,2.5,3,2.857142857,3.2,2.8,2.571428571,2.4,3,2.333333333,2.857142857,2,2,4,1.5,3,3,0,2,2,2,0,0,0,0,0,0,0,0,0,0,2,3,2,2,3,2,1,2.5,2,2
Sergeant Major,Zooplankton,55,2.625,3.833333333,3,0,3.166666667,3,2.666666667,1.833333333,2.333333333,2,3.166666667,2.166666667,2.3,2,3,15.125,3,3,2.5,2.666666667,0,0,0,0,0,0,0,0,0,0,0,0,0,0,0,0,0,0,0,0,0,0,0,3,2,2,0,2,2.5,2,1.666666667,2,2,2,0,2,1,1,0,0,1.5,1,2.333333333,2.2,2.2,2.4,3,2.142857143,2.2,2,2,3,0,2.8,0,3,2.5,1.8,2.2,4,3,3.5,2.444444444,3.4,3.181818182,3.583333333,3.5,3.5,3.555555556,2.6,3.090909091,2.727272727
Threespot Damselfish,Algae,56,1,1.666666667,2,0,1,2,1.5,2,3,3,2,2.5,2.5,2.5,3,15.125,2,3.5,2.5,2,1.333333333,2.4,2.142857143,2.2,2,2,2,1.5,1.666666667,1.666666667,1.571428571,1.333333333,2,1,1.5,2.222222222,2.5,2.272727273,2.75,2.428571429,2.444444444,2.363636364,2.666666667,2,2.333333333,2,2,1.5,1.6,2,2,2,2.2,2.2,2,2.25,2.333333333,2.25,2.25,2.333333333,2,2.5,1.5,2.333333333,2,2,2.5,2.4,2,2,2,1.5,0,0,0,0,0,0,0,0,0,0,1.5,2,1.75,2,2.333333333,2.333333333,1.333333333,2.5,2.333333333,1.8
Yellowtail Damselfish,Algae,57,2,2,2,0,2,1,0,1,1.666666667,2,1.333333333,1,1.4,0,2,0,2,1.5,0,0,0,0,0,0,0,0,0,0,0,0,0,0,0,0,0,0,3,0,0,0,0,0,0,2,2.5,2,1.5,2,1,2,0,0,0,0,0,0,0,3,0,0,0,0,1.333333333,2,2,2,2,1.75,1.5,2,2.333333333,1.8,2,1.5,0,0,2,0,2,1.5,2,2,1.8,2.333333333,2,2,2.5,2,2,2.4,2,1.333333333
Cubbyu,Crustaceans,58,0,0,0,0,0,0,0,0,0,0,0,0,0,0,0,0,0,0,0,0,2.5,2.5,2.75,2.5,2.25,2.75,0,3.25,3,2,2.5,2.142857143,2,3,3.142857143,2.75,2.923076923,2.777777778,2.833333333,3.666666667,2.75,2.777777778,3,3.333333333,2.333333333,3.4,2,2.333333333,2.6,2.333333333,3,2,2.5,2.666666667,2.857142857,3,3,2.857142857,2,2.75,3,3,0,0,0,0,0,0,0,0,0,1,0,0,0,0,0,0,0,0,0,0,0,1,0,0,0,0,0,0,0,1
Highhat,Crustaceans,59,0,0,0,0,0,0,0,0,0,0,0,0,0,0,0,0,0,0,1,0,0,2.5,3,2,3,3,2,0,0,0,0,0,0,0,3,2.5,2.2,2.333333333,2,2.333333333,2.333333333,2.25,2,0,1,1.5,3,1,0,2,2.333333333,0,2,2,2,1.5,1.25,2,0,2,2,1,0,0,0,0,0,0,0,0,0,0,0,0,0,0,0,0,0,0,0,0,0,0,0,0,0,0,0,0,0,0
Jackknife Fish,Crustaceans,60,0,0,0,0,0,0,0,0,0,0,0,0,0,0,0,0,0,1,0,0,0,2,2,2,2,2,2.2,2,0,0,2,2,2,0,1.8,1.8,1.666666667,0,1.333333333,1.5,1.666666667,2.25,0,2.333333333,2,1.8,1.666666667,1.5,2,2,1,1.5,1.428571429,1.75,2,2.25,1.6,1.5,1.666666667,2,1.666666667,2,0,0,0,0,0,0,0,0,0,0,0,0,0,0,0,0,0,0,0,0,0,0,0,0,0,0,0,0,0,0
Reef Croaker,Crustaceans,61,0,0,0,0,0,0,0,0,0,0,0,0,0,0,0,0,0,0,0,0,0,0,0,0,0,0,0,0,0,0,0,0,0,0,0,0,0,0,0,0,0,0,0,0,0,0,0,0,0,0,0,0,0,0,0,0,0,0,0,0,0,0,0,0,0,0,0,0,0,0,0,0,0,0,0,0,0,0,0,0,0,0,0,0,0,0,0,0,0,0,0,0
Spotted Drum,Crustaceans,62,0,2,0,0,2,0,0,0,0,0,0,0,0,2.5,2,0,0,1,1,0,0,0,0,0,0,0,0,0,0,0,0,0,0,0,0,0,0,0,0,0,0,0,0,0,0,0,0,0,0,0,0,0,0,0,0,0,0,0,0,0,0,0,0,0,0,1,2,0,0,0,0,2,0,0,1,0,0,0,0,0,0,0,0,1,1,1,0,1,0,0,1,1
Brown Garden Eel,Fish,63,4,4,0,0,3.333333333,0,3,0,0,0,3,0,0,3,3.5,0,0,0,0,3,0,0,0,0,0,0,0,0,0,0,0,0,0,0,0,0,0,0,0,0,0,0,0,0,0,0,0,0,0,0,0,0,0,0,0,0,0,0,0,0,0,0,3,3.714285714,3,3.25,0,3.333333333,3,3,3.6,3.857142857,0,0,0,0,4,0,0,2,0,2,0,4,4,3,4,4,0,3.5,4,4
Chain Moray,Crustaceans,64,0,0,0,0,0,0,0,0,0,0,0,0,0,0,0,0,0,2,0,0,0,0,0,0,0,0,0,0,0,0,0,0,0,0,0,0,0,0,0,0,0,0,0,0,0,0,0,0,0,0,0,0,0,0,0,0,0,0,0,0,0,0,0,0,0,0,0,0,0,0,0,0,0,0,0,0,0,0,0,0,0,0,0,0,1,0,0,0,0,0,0,1
Goldentail Moray,Fish,65,0,0,0,0,0,0,1,0,0,0,0,0,0,0,0,0,0,0,0,1,0,2,1,1.5,0,0,0,1,1,0,1,2,0,1,0,0,0,0,0,0,0,1,0,0,1,0,1.5,1,0,0,0,0,0,1,0,1,2,1,1,1,1,0,0,0,0,0,0,0,0,0,0,1,0,0,0,0,0,0,0,0,0,0,0,1,0,0,0,1,0,1,1,0
Green Moray,Fish,66,1,0,1,0,0,1,0,1,0,1,0,0,0,0,0,0,0,0,0,0,3,3,0,0,0,3,0,0,3,0,0,0,2.333333333,3,3,0,0,3,0,0,3.25,0,3.333333333,3,3,3,0,0,0,4,4,3.5,3,3,3,0,0,3.333333333,0,3,3.25,2.333333333,0,1,0,0,0,0,0,0,0,0,0,0,0,0,0,0,0,0,0,0,0,1,1,1,1,1,0,1.166666667,1,0
Sharptail Eel,Crustaceans,67,0,0,0,0,0,0,0,0,0,0,0,0,0,0,0,0,0,0,0,0,0,0,0,0,0,0,0,0,0,0,0,0,0,0,0,0,0,1,0,0,0,0,0,0,1,0,1,0,0,0,0,0,0,0,0,1,1,0,0,0,1,0,0,0,0,0,0,0,0,0,0,0,0,0,0,0,0,0,0,0,0,0,0,0,0,0,0,0,0,0,0,0
Spotted Moray,Fish,68,0,0,0,0,0,0,0,0,0,0,0,0,0,0,0,0,0,0,0,1.333333333,1,0,0,0,0,0,0,0,0,0,0,0,0,0,0,0,1,0,0,1,0,1.5,0,0,0,0,0,0,0,0,0,0,0,0,0,0,0,0,0,0,0,0,0,0,0,1,0,0,0,1,0,1,0,0,0,0,0,0,0,0,1,0,0,0,1,1,1,0,0,1,0,1
Orangespotted Filefish,Algae,69,0,0,0,0,0,0,0,0,0,0,1,0,0,0,0,0,0,2,0,0,0,0,0,0,0,0,0,0,0,0,0,0,0,0,0,0,0,0,0,0,0,0,0,1,1,2,0,0,2,0,2,3,0,0,3,0,0,1,0,2,1,0,1,0,0,0,0,0,0,0,0,2,0,0,0,0,0,0,0,0,0,0,0,2,2,2,2,1.5,0,0,1,0
Scrawled Filefish,Algae,70,0,1,0,0,0,0,0,0,0,0,0,0,0,0,0,0,1,1,0,0,0,0,0,0,0,0,0,0,0,0,1,0,0,0,0,0,0,0,0,0,0,0,0,0,0,0,0,0,0,0,1,1,1,0,0,0,0,1,0,0,1,0,0,0,1,2,0,0,0,0,1.333333333,1,0,2,0,0,0,0,0,1,2,0,0,1,1,1,0,0,1,1,0,2
Slender Filefish,Algae,71,0,0,0,0,1,1,0,0,0,0,0,0,0,2,0,0,0,0,0,0,0,0,0,0,0,0,0,0,0,0,0,0,0,0,0,0,0,0,0,0,0,0,0,3,2,2,2,2,2,2,2,2,1,0,0,0,0,0,0,0,0,0,0,0,0,0,0,1.5,0,0,0,1,0,0,0,1,0,0,0,0,0,0,0,0,0,0,0,0,0,1,0,0
Whitespotted Filefish,Crustaceans,72,1,0,0,0,0,0,0,0,0,0,0,0,0,0,0,0,0,0,0,0,0,0,0,0,0,1,0,0,0,0,0,0,0,0,0,0,0,0,0,0,0,0,0,0,0,0,2,0,2,0,1,0,0,0,0,0,0,0,0,0,0,0,1,2,0,0,0,0,0,0,2,1.5,0,0,0,0,0,0,0,0,0,0,0,1.5,2,0,1.5,2,1,0,0,1.5
Eyed Flounder,Crustaceans,73,0,0,0,1,0,0,0,0,0,0,0,0,0,0,0,0,0,0,0,0,1.333333333,1,0,0,0,0,0,1,0,0,1.5,0,0,1,1.666666667,0,1.333333333,1,1,1,0,1,1,0,1,1.5,0,0,1.75,0,1,1.5,1,1.25,1.5,1.75,1.333333333,2,0,1,1,2,0,0,0,0,0,0,0,0,0,0,0,0,0,0,0,0,0,0,0,0,0,0,0,0,0,0,0,0,1,0
Peacock Flounder,Crustaceans,74,1,1.666666667,2,0,1.6,0,0,0,0,0,0,2,0,2,1,20.125,2,2,1.5,1.5,0,0,2,0,0,0,2,0,0,0,1.5,0,3,0,2,2,3,3,2,1,2,2.5,2,2,2.5,1.666666667,0,2,2,2,2,2,2,2,2.666666667,1,2.5,2.5,0,2,1.666666667,2,0,0,1,0,0,1,1.333333333,0,2,1,0,0,1,0,0,0,1,0,0,0,0,1.4,1,1,1.2,2,1.333333333,1,1,1.333333333
Spotted Goatfish,Crustaceans,75,0,1,0,0,0,0,2,0,0,2,2,0,0,0,1,0,0,1,0,0,0,0,0,0,0,0,0,0,0,0,0,0,0,0,0,0,0,0,0,0,0,0,0,0,0,0,0,0,0,0,0,0,0,0,0,0,0,0,0,0,0,0,2,2,1.333333333,2,2,2,2,1,0,4,0,0,0,0,0,0,0,0,0,2,2,0,2,0,0,2,0,1.5,0,0
Yellow Goatfish,Crustaceans,76,0,2.333333333,2,4,1.333333333,0,0,0,0,0,0,0,0,2,0,0,2.5,0,2,2,0,0,0,0,0,0,0,0,0,0,0,0,0,0,0,0,0,0,0,0,0,0,0,0,0,1,1,2.5,0,0,1,1,0,0,0,0,0,0,0,0,0,0,0,2.5,2.5,2.5,1.5,2,1.666666667,2,2,2.5,0,0,0,0,0,0,0,0,0,0,2,1.5,2.333333333,1.5,2.5,3,0,2.5,3,3
Blue Goby,Unidentified,77,0,0,0,2,0,0,0,0,0,0,0,0,0,1,0,0,0,0,0,0,0,0,0,0,0,0,0,0,0,0,0,0,0,0,0,0,0,0,0,0,0,0,0,0,0,0,1.5,0,1,2,1,1,0,0,0,0,0,0,0,0,0,0,0,0,0,0,0,0,0,0,0,0,0,0,0,0,0,0,0,0,0,0,0,0,0,0,0,0,0,0,0,0
Bridled Goby,Unidentified,78,0,0,0,0,0,0,0,0,0,0,0,0,0,0,0,0,0,0,0,0,0,0,0,0,0,0,0,0,0,0,0,0,0,0,0,0,0,0,0,0,0,0,0,2,0,1,0,1,0,2,2,0,0,0,0,0,0,0,0,0,0,0,0,2,0,0,0,0,2,0,0,0,0,0,0,0,0,0,0,0,0,0,0,0,0,0,0,0,0,0,0,0
Colon Goby,Unidentified,79,0,0,1,0,1,0,0,0,0,0,0,0,0,0,0,0,0,0,0,0,0,0,0,0,0,0,0,0,0,0,0,0,0,0,0,0,0,0,0,0,0,0,0,0,0,0,0,0,0,0,0,0,0,0,0,0,0,0,0,0,0,0,0,0,0,0,0,0,0,0,0,0,0,0,0,0,0,0,0,0,0,0,2,2,1.5,1,0,0,2,0,0,0
Goldspot Goby,Unidentified,80,0,0,0,0,0,0,0,1,0,0,0,0,0,0,0,0,0,0,0,0,0,0,0,0,0,0,0,0,0,0,0,0,0,0,0,0,0,0,0,0,0,0,0,0,0,0,0,0,0,0,0,0,0,2,0,0,0,3,0,0,3,0,0,0,0,0,0,0,0,0,0,0,0,0,0,0,0,0,0,0,0,0,2,2,2.5,1,2.5,2,1,0,2,1
Hovering Goby,Unidentified,81,0,0,0,0,0,0,0,0,0,0,0,0,0,0,0,0,0,0,0,0,0,0,0,0,0,0,0,0,0,0,0,0,0,0,0,0,0,0,0,0,0,0,0,0,0,0,0,0,0,0,0,0,0,0,0,0,0,0,0,0,0,0,0,0,0,0,0,0,0,0,0,0,0,0,0,0,0,3,0,0,0,0,0,0,0,0,0,0,0,0,0,0
Masked/Glass Goby,Unidentified,82,0,0,0,0,0,0,0,0,0,0,0,0,0,0,0,0,0,0,0,0,0,0,0,0,0,0,0,0,0,0,0,0,0,0,0,0,0,0,0,0,0,0,0,0,0,0,0,0,0,0,0,0,0,0,0,0,0,0,0,0,0,0,0,3,0,4,0,0,0,3,0,3,0,0,0,0,0,0,0,0,0,0,0,0,0,0,2,2,0,0,0,2
Orangesided Goby,Unidentified,83,0,0,0,0,0,0,0,0,0,0,0,0,0,0,0,0,0,0,0,0,0,0,0,0,0,0,0,0,0,0,0,0,0,0,0,0,0,0,0,0,0,0,0,0,0,0,0,0,0,0,0,0,0,0,0,0,0,0,0,0,0,0,0,0,0,0,0,0,0,0,0,0,0,0,0,0,0,0,0,0,0,0,0,0,0,0,0,0,0,0,0,0
Pallid Goby,Unidentified,84,0,0,0,0,0,0,0,0,0,0,0,0,0,0,0,0,0,0,0,0,0,0,0,0,0,0,0,0,0,0,0,0,0,0,0,0,0,0,0,0,0,0,0,0,0,2,2,0,0,0,0,0,0,0,0,0,0,0,0,0,0,0,0,0,0,0,0,0,0,0,0,0,0,0,0,0,0,0,0,0,0,0,0,0,0,0,0,0,0,0,0,0
Peppermint Goby,Unidentified,85,0,0,0,0,0,0,0,2,0,0,0,0,0,0,0,0,0,0,0,0,0,0,0,0,0,0,0,0,0,0,0,0,0,0,0,0,0,0,0,0,0,0,0,0,0,0,0,0,0,0,0,0,0,0,0,0,0,0,0,0,0,0,0,0,0,0,0,0,0,0,0,0,0,0,0,0,0,0,0,0,0,0,0,0,0,2,0,0,1,0,2,0
Shortstripe Goby ,Unidentified,86,0,0,0,0,0,0,0,0,0,0,0,0,0,0,0,0,0,0,0,0,2,2.333333333,2,2.5,0,2.5,2,2.333333333,2.5,3,3,3,2.5,3,3,2.333333333,1.857142857,1.8,1.8,1.666666667,1.8,1.75,1.666666667,3,2,2,4,1.666666667,2,2,3,2.5,1.5,2.25,1.75,2,2,1.5,2,2.5,2.5,2,0,0,0,0,0,0,0,0,0,0,0,0,0,0,0,0,0,0,0,0,0,0,0,0,4,0,0,0,2,0
Spotlight Goby ,Unidentified,87,0,0,0,0,0,0,0,0,0,0,0,0,0,0,0,0,0,0,0,0,0,0,0,0,0,0,0,0,0,0,0,0,0,0,0,0,0,0,0,0,0,0,0,2,0,1,0,1,0,2,0,0,0,0,0,0,0,0,0,0,0,0,0,0,0,0,0,0,0,0,0,0,0,0,0,0,0,0,0,0,0,0,1.5,0,0,0,0,0,0,0,0,0
Yellowline Goby,Unidentified,88,2,2,2.5,0,0,0,0,1,0,0,0,0,0,2,2,0,0,2,2,3,0,0,0,0,0,0,0,0,0,0,0,0,0,0,0,0,0,0,0,0,0,0,0,0,0,0,0,0,0,0,0,0,0,0,0,0,0,0,0,0,0,0,0,0,0,0,0,0,0,0,0,0,0,0,0,0,0,0,0,0,0,0,0,4,2,0,0,0,0,0,3,4
Cleaning Goby,Unidentified,89,0,0,0,0,0,0,0,0,0,0,0,0,0,0,0,0,0,0,0,0,0,0,0,0,0,0,0,0,0,0,0,0,0,0,0,0,0,0,0,0,0,0,0,0,0,0,0,0,0,0,0,0,0,0,0,0,0,0,0,0,0,0,2,2.333333333,2,2,2.5,2,2,1.666666667,2.666666667,1.5,0,2,0,0,0,2,2.5,0,2,0,3,3.111111111,2.888888889,2.636363636,3,3,3.6,3,3.125,3.25
Neon Goby,Unidentified,90,0,0,0,0,0,2,0,0,0,0,0,0,0,0,0,0,0,0,0,0,0,0,0,0,0,0,0,0,0,0,0,0,0,0,0,0,0,0,0,0,0,0,0,0,0,0,2,0,0,0,0,0,0,1,0,0,0,0,0,0,0,0,0,0,0,0,0,0,0,0,0,0,0,0,0,0,0,0,0,0,0,0,0,0,0,3,0,0,2,2,0,0
Rusty Goby,Unidentified,91,0,0,0,0,0,0,0,0,0,0,0,0,0,0,0,0,0,0,0,0,0,0,0,0,0,0,0,0,0,0,0,0,0,0,0,0,0,0,0,0,0,0,0,0,0,0,0,0,0,0,0,0,0,0,0,0,0,0,0,0,0,0,0,0,0,0,0,0,0,0,0,0,0,0,0,0,0,0,0,0,0,0,0,0,0,1,0,0,0,0,0,0
Sharknose Goby,Unidentified,92,0,0,0,0,0,0,0,0,0,0,0,0,0,0,0,0,0,0,0,0,0,0,0,0,0,0,0,0,0,0,0,0,0,0,0,0,0,0,0,0,0,0,0,0,0,0,0,0,0,0,0,0,0,0,0,0,0,0,0,0,0,0,0,0,0,0,0,0,0,0,0,0,0,0,0,0,0,0,0,0,0,0,0,0,1,2,0,0,0,0,0,2.333333333
Yellownose Goby,Unidentified,93,0,0,0,0,0,0,0,0,0,0,0,0,0,0,0,0,0,0,0,0,0,0,0,0,0,0,0,0,0,0,0,0,0,0,0,0,0,0,0,0,0,0,0,0,0,0,0,0,0,0,0,0,0,0,0,0,0,0,0,0,0,0,0,0,0,0,0,0,0,0,0,0,0,0,0,0,0,0,0,0,0,0,0,0,0,0,3,0,0,2,0,2
Yellowprow Goby,Unidentified,94,0,0,0,0,0,0,0,0,0,0,0,0,0,0,0,0,0,0,0,0,0,0,0,0,0,0,0,0,0,0,0,0,0,0,0,0,0,0,0,0,0,0,0,0,0,0,0,0,0,0,0,0,0,0,0,0,0,0,0,0,0,0,0,0,0,0,0,0,0,0,0,0,0,0,0,0,0,0,0,0,0,0,0,0,0,0,0,0,0,1,0,0
Black Grouper,Fish,95,2,0,1,0,2,0,0,0,0,0,0,0,0,1,2,0,0,2,1.5,0,0,0,0,0,0,0,0,0,0,0,0,0,0,0,0,0,0,0,0,0,0,0,0,0,0,0,0,0,0,0,0,0,0,0,0,0,0,0,0,0,0,0,0,2,2,2,0,0,1.5,0,2,1,1,0,0,0,0,1,0,0,0,0,0,1,1,0,1.333333333,1.5,0,0,0,1
Coney,Fish,96,0,1,0,0,0,0,0,0,0,0,0,0,0,0,0,0,0,0,0,2,0,0,0,0,0,0,0,0,0,0,0,0,0,0,0,0,0,0,0,0,0,0,0,1,1,0,1,0,1,0,1,0,0,0,0,0,0,0,0,0,0,0,1,0,0,1,0,0,0,1,2,1.666666667,0,0,0,0,0,0,0,0,0,0,0,0,0,2,0,2,0,2,0,1
Gag,Fish,97,0,0,0,0,0,0,0,0,0,1,2,1,0,0,0,0,0,0,0,0,1,2,0,0,0,0,1,0,0,0,1,0,0,0,0,0,1.333333333,1,1.333333333,0,0,1,0,1,1,1.333333333,0,1,1.5,1,1,1,0,0,0,0,1,0,0,0,0,0,0,0,0,0,0,0,0,0,0,0,0,0,0,0,0,0,0,0,0,0,0,0,0,0,0,0,0,0,0,0
Goliath Grouper (Jewfish),Fish,98,0,0,0,0,0,0,1,1.8,1.25,0,0,1,0,0,0,0,0,0,0,0,0,0,0,0,0,0,0,0,0,0,0,0,0,0,0,0,0,0,0,0,0,0,0,0,0,0,0,0,0,0,1,0,0,0,0,0,0,0,0,0,0,0,0,0,0,0,0,0,0,0,0,0,0,0,0,0,0,0,0,0,0,0,0,0,0,0,0,0,1,0,0,1
Graysby,Fish,99,2.666666667,2,2,2,2,0,0,0,0,0,0,0,0,1.5,0,0,0,2,0,0,0,0,0,0,0,0,0,1,0,0,1,0,0,0,2,0,0,0,0,0,0,0,0,0,1.5,1,3,1,0,1,0,0,2,1,1,1.5,2,1.333333333,2,1,1.5,1.5,3,2,1.5,2,1,1.5,0,2.5,3,1.5,0,1,0,0,0,0,0,0,2,0,2,2,2,3,2,2,0,1.5,2,2
Nassau Grouper,Fish,100,1,2,0,0,2,0,0,0,0,0,0,0,0,1.5,1.333333333,0,0,1.666666667,1,1,0,0,0,0,0,0,0,0,0,0,0,0,0,0,0,0,0,0,1,0,0,0,0,0,0,0,0,0,0,0,0,0,0,0,0,0,0,0,0,0,0,0,1,1.25,0,1,0,1.4,0,0,0,1.5,0,0,0,0,1,1,0,0,1,0,1,1.5,1,2,1,0,0,2,1.6,1.5
Red Grouper,Fish,101,0,0,0,0,0,0,2,1,1,2,2,2,1.6,0,0,0,0,0,0,0,0,2,0,1.5,0,0,0,1.666666667,2,1,2,0,1,1.666666667,2,1,0,1,1,1.333333333,2,1.8,1.666666667,1,2,1,2,2,1,1.5,2,2,1.2,2,1.5,1.75,1.666666667,1.75,1.5,1.6,1.333333333,1.75,0,0,0,1,0,0,0,0,0,0,0,0,0,0,0,0,0,0,1,0,0,0,0,2,0,0,0,0,0,0
Red Hind,Fish,102,1.75,2,2,2,1.666666667,0,0,1,0,0,1.5,0,0,2,2,26,1,2,1,1,1.75,0,1,1,0,1,1,0,1,1,1,0,1,0,0,1,1.333333333,2,1,2,1.333333333,1,1.125,1,1,1,1,1,0,0,1.5,0,2,1.5,0,0,2,1,2,1,2,2,1,1.666666667,1.5,1,0,1.5,0,0,1,1.166666667,0,1,0,0,0,1,0,1.5,2,0,3,1.6,2,2,1.8,1.833333333,1.4,1.75,2,2
Rock Hind,Fish,103,0,2,1,0,2,0,0,0,0,0,0,0,0,2,2,0,0,0,0,2,0,0,0,0,0,0,0,0,0,0,0,0,0,0,0,0,0,0,0,0,0,0,0,0,0,0,0,0,0,0,0,0,0,0,0,0,0,0,0,0,0,1,0,0,2,1,0,0,0,0,0,2,0,0,0,0,0,0,0,0,0,0,1,1,0,2,2,2,2,0,0,1
Scamp,Fish,104,0,0,0,0,0,1,0,0,1,0,0,0,0,0,0,0,0,0,0,0,1.285714286,2,1.666666667,1.833333333,0,2,1.333333333,0,1,1,1.666666667,0,1,2,2,1.333333333,1.5,1.833333333,1.666666667,1.666666667,2,1.571428571,2,2,3,0,1,0,2,2,1,1,2,1,1.5,1.5,0,0,1,1,1,1,0,0,0,0,0,0,0,0,0,0,0,0,0,0,0,0,0,0,0,0,0,0,0,0,0,0,0,0,0,0
Tiger Grouper,Fish,105,0,0,0,0,0,0,0,0,0,0,0,0,0,0,0,0,0,0,0,1,0,0,1,2,1.5,0,0,0,0,0,0,0,0,0,0,0,0,0,0,0,0,2,0,0,0,0,0,0,2,0,0,0,1,1,0,0,0,1,0,1,1.5,2,0,1,0,0,0,1,0,0,0,1,0,0,0,0,0,0,0,0,0,0,0,0,1,1,1,0,0,1,2,1
Yellowfin Grouper,Fish,106,0,0,0,0,0,0,0,0,0,0,0,0,0,0,0,0,0,0,0,0,0,0,0,0,0,0,0,0,0,0,0,0,0,0,0,0,0,0,0,0,0,0,0,0,0,0,0,0,0,0,0,0,0,0,0,0,0,0,0,0,0,0,0,0,0,0,0,1,0,0,0,0,0,0,0,0,0,0,0,0,0,0,0,0,1,1,1,0,0,0,1,1
Yellowmouth Grouper,Fish,107,0,0,0,0,0,0,0,0,0,0,2,0,0,0,0,0,0,0,0,0,0,0,0,0,0,0,0,1,0,0,0,0,1,0,0,0,0,0,0,0,0,0,0,0,0,1,0,0,0,0,1,0,1,1.4,1,1,0,2,0,1,1.5,1,0,0,0,0,0,0,0,0,0,0,0,0,0,0,0,0,0,0,0,0,0,0,0,0,0,0,0,0,0,0
Bluestriped Grunt,Crustaceans,108,2,2,0,0,1,0,0,0,0,0,0,0,0,0,0,0,1,0,2,0,0,0,0,1,0,0,0,0,0,0,0,0,0,0,0,0,1,0,1,0,0,1,0,0,0,0,0,1,0,0,1,0,0,0,0,0,0,0,0,0,0,0,1,3,3,3,0,1.5,0,3,2,2.333333333,0,0,0,0,0,0,0,0,0,0,2,0,2.5,1,3,4,0,2,1.666666667,3
Caesar Grunt,Crustaceans,109,0,0,0,0,0,0,0,0,0,0,0,0,0,0,0,0,0,2,2,0,0,0,0,0,0,0,0,0,0,0,0,0,0,0,0,0,0,0,0,0,0,0,0,0,0,0,0,0,0,0,0,0,0,0,0,0,0,0,1,0,0,0,0,0,0,0,0,0,0,1,0,2,0,0,0,0,0,0,0,0,0,0,0,1,2,2,0,4,2,0,0,0
Cottonwick,Crustaceans,110,0,0,0,0,0,2,2,2.375,2.5,2.75,2.6,2.25,2.495,0,0,0,0,0,0,0,0,0,0,0,0,0,0,0,0,0,0,0,0,0,0,0,0,0,0,0,0,0,0,1,2,0,0,2,2,2,2,0,2,2.4,3,1.666666667,2,2,2,2,2.25,2.5,0,0,0,0,0,0,0,0,0,0,0,0,0,0,0,0,0,0,0,0,3,0,0,0,0,0,0,0,0,0
French Grunt,Crustaceans,111,2.222222222,2.333333333,2.4,2,2.75,0,0,0,0,2,0,1,0,2,2,29.16666667,2.666666667,3,3,2,0,0,0,0,0,0,0,0,0,0,0,0,0,0,0,0,0,0,0,0,0,0,0,2,2,2,1,1,2,3,2,0,0,0,0,0,0,0,0,0,0,0,2.428571429,2.285714286,3,2.714285714,2,2.833333333,2.166666667,2.166666667,2.333333333,2.25,0,3.5,2.25,2,2,1.333333333,2,1.8,3.5,2,2.25,2.888888889,2.5,2.818181818,2.444444444,3,2.888888889,2.777777778,2.555555556,2.875
Margate (Black),Crustaceans,112,2,1,0,0,0,2,2,2,0,0,2,0,0,0,1,0,0,0,0,1,0,0,0,0,0,0,0,0,0,0,0,0,0,0,0,0,0,0,0,0,0,0,0,0,0,0,0,0,0,0,0,0,0,3,0,0,0,0,0,3,0,0,0,0,0,0,0,0,0,0,0,0,0,0,0,0,0,0,0,0,0,0,0,1,0,0,0,0,0,0,0,0
Margate (White),Crustaceans,113,1,1.5,1,0,0,0,0,0,0,0,0,0,0,0,0,0,0,2,0,0,1.5,2.2,2.571428571,2.333333333,2,2.333333333,2,2,2.4,2.6,2,2,1.666666667,2,2.666666667,2.5,2,2.125,2.6,1.714285714,2,2.111111111,2.333333333,2,2.666666667,2,2.5,2.833333333,2.25,2.5,2.666666667,2,2.125,2.571428571,2.428571429,2.25,2.375,2.5,2,3,2.166666667,2.857142857,0,0,1,0,0,0,0,1,0,2,0,0,0,0,0,0,0,0,0,0,0,0,1,1.5,3,0,1,0,0,2
Porkfish,Crustaceans,114,0,0,0,0,0,0,0,0,0,0,0,0,0,0,0,0,0,0,0,0,0,0,0,0,0,0,0,2,2,0,2,0,1,1,0,1,0,0,0,0,0,0,0,2,0,0,0,0,0,0,0,0,0,1,0,0,0,0,0,0,0,0,0,0,0,1,0,0,0,0,0,0,0,0,0,0,0,0,0,0,0,0,0,0,1,2,1,0,1,0,0,0
Sailors Choice,Crustaceans,115,0,1,0,0,0,0,0,0,0,0,0,0,0,0,0,0,0,0,0,0,0,0,0,2,0,0,0,2,0,0,0,0,0,0,1,1,0,1,1,1,0,1,1,0,1,0,0,1,0,0,1,0,0,1.5,1,1,0,2,2,1,1,1,0,0,0,0,0,0,0,0,0,2,0,0,0,0,0,0,0,0,0,0,0,0,0,0,2,0,0,0,0,0
Smallmouth Grunt,Crustaceans,116,0,0,0,0,0,0,0,0,0,0,0,0,0,0,0,0,0,0,0,0,0,0,0,0,0,0,0,0,0,0,0,0,0,0,0,0,0,0,0,0,0,0,0,0,0,0,0,0,0,0,0,0,0,0,0,0,0,0,0,0,0,0,0,0,0,0,0,0,0,0,0,0,0,0,0,0,0,0,0,0,0,0,0,1,0,3,0,0,2,0,0,0
Spanish Grunt,Crustaceans,117,0,0,0,0,0,0,0,0,0,0,0,0,0,0,0,0,0,0,0,0,0,0,0,0,0,0,0,0,0,0,0,0,0,0,0,0,0,0,0,0,0,0,0,0,0,0,0,0,0,0,0,0,0,0,0,0,2,0,0,0,0,0,0,0,0,0,0,0,0,0,0,0,0,0,0,0,0,0,0,0,0,0,0,0,0,0,0,0,0,0,0,0
Tomtate,Crustaceans,118,0,0,0,0,0,0,0,0,0,0,0,0,0,0,0,0,0,0,0,0,0,0,0,0,0,0,0,0,0,0,0,0,0,0,0,0,0,0,0,0,0,0,0,0,0,0,0,0,0,0,0,0,0,0,0,0,0,0,0,0,0,0,0,0,0,0,0,0,0,0,0,0,0,0,0,0,0,0,0,0,0,0,0,0,2,1,0,0,1,0,0,0
White Grunt,Crustaceans,119,0,0,0,0,0,0,0,0,0,0,0,0,0,0,0,0,0,0,0,0,0,0,0,0,0,0,0,0,0,0,0,0,0,0,0,0,0,0,0,0,0,0,0,0,0,0,0,0,0,0,0,0,0,2,0,0,0,0,0,0,0,0,1,2,0,1.5,1,3,0,2,1,1.333333333,0,0,0,0,0,0,0,0,0,0,0,0,0,0,0,2,0,1.5,1.5,1
Striped Grunt,Crustaceans,120,0,0,0,0,0,0,0,0,0,0,0,0,0,0,0,0,0,0,0,0,0,0,0,0,0,0,0,0,0,0,0,0,0,0,0,0,0,0,0,0,0,0,0,0,0,0,0,0,0,0,0,0,0,0,0,0,0,0,0,0,0,0,0,0,0,0,0,0,0,0,0,0,0,0,0,0,0,0,0,0,0,0,0,1,2,0,0,0,2,2,3,0
Unidentified juvenile Grunt,Crustaceans,121,0,0,0,0,0,0,0,0,0,0,0,0,0,0,0,0,0,0,0,0,0,0,0,0,0,0,0,0,0,0,0,0,0,0,0,0,0,0,0,0,0,0,0,0,0,0,0,0,0,0,0,0,0,0,0,0,0,0,0,0,0,0,0,0,0,0,0,0,0,0,0,0,0,0,0,0,0,0,0,0,0,0,0,2,0,2,0,0,2,0,0,1
Barred Hamlet,Crustaceans,122,1.857142857,2,2,0,2,0,0,0,0,0,0,0,0,0,0,0,0,0,3,0,0,0,0,0,0,0,0,0,0,0,0,0,0,0,0,0,0,0,0,0,0,0,0,0,0,0,0,1,0,0,0,0,0,1,2,2,2,2,0,0,2,2,0,0,0,2,0,1,0,1,0,0,0,0,0,0,0,0,0,0,0,0,0,1,0,0,0,2,0,2,0,2
Black Hamlet,Crustaceans,123,0,0,0,0,0,0,0,0,0,0,0,0,0,2,0,0,0,1,0,0,0,0,0,0,0,0,0,0,0,0,0,3,0,0,0,0,0,0,0,0,0,0,0,0,0,0,0,0,0,0,1,0,0,1,0,0,0,0,0,0,0,0,0,0,0,0,0,0,0,2,0,0,0,0,0,0,0,0,0,0,0,0,0,1,2,2,0,0,0,0,0,1
Blue Hamlet,Crustaceans,124,0,0,0,0,0,0,0,0,0,0,0,0,0,0,0,0,0,0,0,0,0,0,0,0,0,0,0,0,0,0,0,0,0,0,0,0,0,0,0,0,0,0,0,0,0,0,0,0,0,3,0,0,0,0,0,0,0,0,0,0,0,0,0,0,0,0,0,0,0,0,0,0,0,0,0,0,0,0,0,0,0,0,0,3,1,0,2.5,3,0,2,0,3
Butter Hamlet,Crustaceans,125,0,0,0,0,1,0,0,0,0,0,0,0,0,0,0,0,0,2,0,0,0,0,0,0,0,0,0,0,0,0,0,0,0,0,0,0,0,0,0,0,0,1,0,0,2,2,1,1.333333333,1,1,2,0,2,1.333333333,1,1,0,1,0,1.5,1.333333333,1,0,0,0,0,0,0,0,0,1,0,0,0,0,0,0,0,0,0,0,0,0,1,1,0,0,1,0,0,0,1
Indigo Hamlet,Crustaceans,126,2,1,0,0,0,0,0,0,0,0,0,0,0,1.5,2,32.25,1,1.666666667,2,0,0,0,0,2,0,0,0,0,0,0,0,0,0,0,0,0,0,0,0,0,0,0,0,0,0,0,0,0,0,0,0,0,3,3,2,0,3,0,0,3,3,0,0,1.333333333,0,1.333333333,0,1.5,2,0,2,0,0,0,0,0,0,0,0,1,0,0,1,1.5,0,1,2,2,0,3,2,3
Shy Hamlet,Crustaceans,127,0,0,0,0,0,0,0,0,0,0,0,0,0,0,0,0,0,0,0,0,2,2,1,2,2,2,2,0,0,0,1.333333333,0,0,1,0,1,1.75,0,2,2,1,1.5,0,0,2,0,0,1,0,1,0,2,2,1.5,1.5,1,1,0,0,1,1,2,0,1,0,0,0,0,0,0,0,0,0,0,0,0,0,0,0,0,0,0,0,0,0,0,0,1,0,0,0,0
Tan Hamlet,Crustaceans,128,0,0,0,0,0,0,0,0,0,0,0,0,0,0,0,0,0,0,0,0,0,0,0,0,0,0,0,0,0,0,0,0,0,0,0,0,0,0,0,0,0,0,0,0,0,0,0,0,0,0,0,0,0,0,0,0,0,0,0,0,0,0,0,0,0,0,0,0,0,0,0,0,0,0,0,0,0,0,0,0,0,0,0,1,0,0,0,0,0,1,0,0
Yellowbelly Hamlet,Crustaceans,129,0,0,0,0,0,0,0,0,0,0,0,0,0,0,0,0,0,0,0,0,0,0,0,0,0,0,0,0,0,0,0,0,0,0,0,0,0,0,0,0,0,0,0,0,0,0,0,0,0,0,1,0,0,0,0,0,0,1,0,0,0,0,0,0,0,0,0,0,0,0,0,0,0,0,0,0,0,0,0,0,0,0,0,1.5,0,0,0,0,0,0,0,1
Yellowtail Hamlet,Crustaceans,130,0,0,0,0,0,0,0,0,0,0,0,0,0,0,0,0,0,0,0,0,0,0,0,0,0,0,0,0,0,0,0,0,0,0,0,0,0,0,0,0,0,0,0,0,0,0,1,0,0,0,0,0,0,0,0,0,0,0,0,0,0,0,0,0,0,0,0,0,0,0,0,0,0,0,0,0,0,0,0,0,0,0,0,2,1,0,1,0,0,0,2,2.5
Hybrid Hamlet,Crustaceans,131,0,0,0,0,0,0,2,0,0,0,0,0,0,0,0,0,0,0,0,0,0,0,0,0,0,2,0,0,0,0,0,0,0,0,0,0,0,0,0,0,0,0,0,0,0,0,0,0,0,0,0,0,0,0,0,0,0,0,0,0,0,0,0,0,0,0,0,0,0,0,0,0,0,0,0,0,0,0,0,0,0,0,0,0,0,0,0,0,0,0,0,0
Hogfish,Crustaceans,132,1,1,1,0,1,0,0,2,0,1,1,0,0,0,0,0,0,2,0,2,0,0,0,0,0,0,0,0,0,0,0,0,0,0,0,0,0,0,0,0,0,0,0,0,0,0,0,0,0,0,0,0,0,0,0,0,0,0,0,0,0,0,0,1,1,1,1,1,1,1,1,1,0,1,1,0,1,1,1,2,0,0,0,2,2,0,2,1,0,0,0,0
Spanish Hogfish,Crustaceans,133,1.5,1.5,0,2,1,0,0,0,0,0,0,0,0,2,2,34.375,2,2,1.5,2,0,0,0,0,0,0,0,1,1,0,2,0,0,0,0,1.333333333,1,1,1,1,0,1.5,1,1,1,2,0,1,1.5,0,1,0,0,1,1.333333333,1,1.5,1,1,0,2,1.5,1.5,0,1.333333333,2,0,1,1,1.5,0,2,1,0,1,0,1.5,0,0,1,1,1.666666667,1.714285714,1.5,1.4,1.5,1.8,1.5,1.5,1.5,2,1.5
Spotfin Hogfish,Crustaceans,134,0,0,0,0,0,0,0,2,0,2,0,3,0,0,0,0,0,0,0,0,0,2,2,1.5,1,0,2,0,1,2,1.4,0,1,0,1,1,1,1,1,1,1.666666667,1.4,1.333333333,2,2,1.5,2,1,2,1.5,1,2,1.25,1,2,2,1.5,1.2,2,1.666666667,2,1.5,0,0,0,0,0,0,0,0,0,0,0,0,0,0,0,0,0,0,0,0,0,1,1,1,0,0,1,0,0,0
Bar Jack,Fish,135,2,0,0,0,1,0,0,0,0,0,0,0,0,2,2,35,2,2,2,0,0,0,0,0,0,0,0,0,0,0,0,0,0,0,0,0,0,0,0,0,0,0,0,0,0,0,0,0,0,0,0,0,0,3,0,0,0,0,0,3,0,0,1.333333333,1.75,1.75,1.75,2,2,1,2,2,2,0,0,0,0,0,0,0,0,0,1,2,2.333333333,2.8,2.2,2.2,2.333333333,2,3,3,2.833333333
Black Jack,Fish,136,0,0,0,0,0,0,0,0,0,0,0,0,0,0,0,0,0,0,0,0,0,0,0,0,0,0,0,0,0,0,0,0,0,0,0,0,0,0,0,0,0,0,0,0,0,0,0,0,0,0,0,0,0,0,0,0,0,0,0,0,0,0,0,0,0,0,0,0,0,0,0,0,0,0,0,0,0,0,0,0,0,0,0,0,0,0,0,0,0,0,0,0
Blue Runner ,Fish,137,2,0,1,0,0,0,0,0,0,0,1,0,0,0,2,0,0,2,0,0,0,0,2,2,2,2,2,3,2,1,2,2,0,0,1.666666667,0,0,0,0,0,0,0,2,2,2.666666667,2,1.333333333,2,2,2,1.666666667,3,1.75,1.333333333,2,2,1.5,1.75,0,2,2,2,0,0,0,0,0,0,0,0,0,0,0,0,0,0,0,0,0,0,0,0,0,0,0,1,0,0,0,0,0,1
Crevalle Jack,Fish,138,0,0,1,0,0,0,0,0,0,0,0,0,0,0,0,0,0,0,0,0,0,0,0,0,0,0,0,0,0,0,0,0,0,0,0,0,0,0,0,0,0,0,0,0,0,0,0,0,0,0,0,0,0,0,0,0,0,0,0,0,0,0,0,0,0,0,0,0,0,0,0,0,0,0,0,0,0,0,0,0,0,0,0,0,0,1,0,0,0,0,0,1
Greater Amberjack,Fish,139,0,0,0,0,0,0,1,0,0,0,1,0,0,0,0,0,0,0,0,0,0,0,0,0,0,0,0,0,0,0,0,0,0,0,0,0,0,0,0,0,0,0,0,0,0,0,0,0,0,0,0,0,0,0,0,0,0,0,0,0,0,0,0,0,0,0,0,0,0,0,0,0,0,0,0,0,0,0,0,0,0,0,0,0,0,2,0,0,0,0,0,1
Horse-eye Jack,Fish,140,0,3,0,0,0,0,0,0,0,0,0,0,0,0,1,0,0,1,0,0,0,0,0,0,0,0,0,0,0,0,0,0,0,0,0,0,0,0,0,0,0,0,0,0,0,0,0,0,0,0,0,0,0,0,0,0,0,0,0,0,0,0,0,0,0,0,2,0,0,0,0,0,0,0,0,0,0,0,0,0,0,0,0,3,3,3,3,3,0,1,3,2
Permit,Fish,141,0,0,0,0,0,0,0,0,0,0,0,0,0,0,0,0,0,0,0,0,0,0,0,0,0,0,0,0,0,0,0,0,0,0,0,0,0,0,0,0,0,0,0,0,0,1,0,0,0,0,0,0,0,0,0,0,0,0,0,0,0,0,0,0,0,0,0,0,0,0,0,0,0,0,0,0,0,0,0,0,0,0,0,0,0,0,0,0,0,0,0,0
Rainbow Runner,Fish,142,0,0,0,0,0,0,0,0,0,0,0,0,0,0,0,0,0,0,0,0,0,0,0,0,0,0,0,0,0,0,0,0,0,0,0,0,0,0,0,0,0,0,0,0,0,0,0,0,0,0,0,0,0,0,0,0,0,0,0,0,0,0,0,0,0,0,0,0,0,0,0,0,0,0,0,0,0,0,0,0,0,0,0,3,0,2,0,0,1,0,0,3
Yellow Jack,Fish,143,0,0,0,0,0,0,0,0,0,0,0,0,0,0,0,0,0,0,0,0,0,0,0,0,0,0,0,0,0,0,0,0,0,0,0,0,2,0,0,0,0,0,2,0,0,0,0,0,0,0,0,0,0,0,0,0,0,0,0,0,0,0,0,0,0,2,3,0,0,0,0,0,0,0,0,0,0,0,0,0,0,0,0,1,1,1,0,2,2,1,1,2
Almaco Jack,Fish,144,0,0,0,0,0,0,0,0,0,0,0,0,0,0,0,0,0,0,0,0,0,0,0,0,0,0,0,0,0,0,0,0,0,0,0,0,0,0,0,0,0,0,0,0,0,0,0,0,0,0,0,0,0,0,0,0,0,0,0,0,0,0,0,0,0,0,0,0,0,0,0,0,0,0,0,0,0,0,0,0,0,0,0,0,2,0,0,0,0,0,0,1
Spanish Mackerel,Fish,145,1,0,0,0,2,0,0,0,2,3,0,3,0,1,0,0,0,0,0,0,0,0,0,0,0,0,0,0,0,0,0,0,0,0,0,0,0,0,0,0,0,0,0,0,0,0,0,0,0,0,0,0,0,0,0,0,0,0,0,0,0,0,0,0,0,0,0,0,0,0,0,0,0,0,0,0,0,0,0,0,0,0,0,0,0,0,0,0,0,0,0,0
Palometa,Fish,146,0,0,0,0,0,0,0,0,0,0,0,0,0,0,0,0,0,0,0,0,0,0,0,0,0,0,0,0,0,0,0,0,0,0,0,0,0,0,0,0,0,0,0,0,0,0,0,0,0,0,0,0,0,0,0,0,0,0,0,0,0,0,0,0,0,0,0,0,0,0,0,0,0,0,0,0,0,0,0,0,0,0,0,0,0,0,0,0,0,0,0,0
Round Scad,Fish,147,0,0,0,0,0,0,0,0,0,0,0,0,0,0,0,0,0,0,0,0,0,0,0,0,0,0,0,0,0,0,0,0,0,0,0,0,0,0,0,0,0,0,0,0,0,0,0,0,0,0,0,0,0,0,0,0,0,0,0,0,0,0,0,0,0,0,0,0,0,0,0,0,0,0,0,0,0,0,0,0,0,0,0,0,0,0,0,0,0,0,0,0
Mottled Mojarra,Crustaceans,148,0,0,0,0,0,0,0,0,0,0,0,0,0,0,0,0,0,0,0,0,0,0,0,0,0,0,0,0,0,0,0,0,0,0,0,0,0,0,0,0,0,0,0,0,0,0,0,0,0,0,0,0,0,0,0,0,0,0,0,0,0,0,0,0,0,0,0,0,0,0,0,0,0,0,0,0,0,0,0,0,0,0,0,0,0,0,0,0,0,0,0,0
Yellowfin Mojarra,Crustaceans,149,0,0,0,0,0,0,0,2,2.5,2.5,2,2,2.2,0,0,0,0,0,0,0,0,0,0,0,0,0,0,0,0,0,0,0,0,0,0,0,2,0,0,0,0,2,2,0,0,0,0,0,2,0,2,0,0,0,0,0,0,0,0,0,0,0,0,0,0,0,2,0,0,0,0,1,0,0,0,0,0,0,0,0,0,0,0,1,2,2,0,0,1,0,2,0
Blue Parrotfish,Algae,150,0,2,0,0,0,0,0,0,0,0,0,0,0,0,0,0,0,2,0,0,0,0,0,0,0,0,0,0,0,0,0,0,0,0,0,0,0,0,0,0,0,0,0,0,0,0,0,0,0,0,0,0,0,0,0,0,0,0,0,0,0,0,0,0,1,0,0,0,0,0,0,1,0,0,0,0,0,0,0,0,0,0,0,1,1,1.666666667,1,0,1,0,1,1
Greenblotch Parrotfish,Algae,151,0,0,0,0,0,0,0,0,0,2,1,2,0,0,0,0,0,0,0,0,0,0,0,0,0,0,0,0,0,0,0,0,0,0,0,0,0,0,0,0,0,0,0,0,0,0,0,0,2,0,0,0,0,0,0,0,0,0,0,0,0,0,0,0,0,0,0,0,0,0,0,0,0,0,0,0,0,0,0,0,0,0,2,0,1,2,0,3,0,2,2,2
Midnight Parrotfish,Algae,152,2,3,1.5,0,3,2,2,1.714285714,1.75,1.6,2.2,2.25,1.902857143,2,2,0,0,2,0,0,0,0,0,0,0,0,0,0,0,0,0,0,0,0,0,0,0,0,0,0,0,0,0,2,0,2,0,0,1,0,2,0,1,0,0,1,0,1,0,0,1,0,0,0,0,0,1,3,1.5,0,0,2,0,2,1.5,0,0,1,2,0,0,2,1,1.75,1,3,1.5,1.333333333,3,2,1.5,1.25
Princess Parrotfish,Algae,153,2,2.5,2.333333333,0,2.5,1,0,0,0,0,2,0,0,1.5,2,39,2,2.333333333,2,2.5,0,0,1,0,0,0,0,1,1,0,0,1,0,0,0,0,0,0,0,0,0,0,0,0,0,0,0,0,0,0,1,0,1,0,0,0,1,0,0,0,0,0,1.333333333,2.142857143,2,2.333333333,2,2.285714286,2,2.2,2,2,2,1.5,2,0,1.5,2.25,1.666666667,1.8,2,2,2,2,2.285714286,2.2,2.833333333,2.5,2.142857143,2.25,2,2.142857143
Queen Parrotfish,Algae,154,0,1,1.5,0,2,2,2,2,3,0,2,2.5,0,0,0,0,0,0,0,0,0,0,0,0,0,0,0,0,0,0,0,0,0,0,0,0,0,0,0,0,0,0,0,0,0,0,0,0,0,0,0,0,0,0,0,0,0,0,0,0,0,0,1.666666667,2,2,2,2,1.666666667,1.5,2,2,2,0,0,0,0,0,1,0,0,0,0,2,1,2,1.5,2.25,1.5,1,1.333333333,1,1
Rainbow Parrotfish,Algae,155,0,2,2.333333333,0,2,3,3,3,3,3,3,3,3,2,2,0,2,3,0,2,2,3,1,2,0,1,2,1,2,0,2,0,1,0,1,0,1.5,1.333333333,1.5,1,0,1,1,0,0,0,2,1,0,2,1,0,1,0,1,2,0,0,0,0,1,0,2,2,2.5,3,2.333333333,2.5,2,1.666666667,3,2,0,0,0,0,0,0,0,0,0,0,0,1.5,2,1,1,2,1,2,1,1.75
Redband Parrotfish,Algae,156,0,0,0,0,0,3,0,0,0,0,0,0,0,0,0,0,0,0,0,0,2,2,2.125,2.5,2.25,2.333333333,2,1.833333333,2,2.4,2.111111111,2.5,2.333333333,2.333333333,1.666666667,2,2.125,2,2.5,2.2,1.833333333,2,2.5,2.75,2,2,2.333333333,2,1.5,2.4,2,1.5,2.5,2.428571429,2,2,2.285714286,2.333333333,1.8,2.5,2.333333333,2,1.5,2,2,2,1.5,2,0,2.333333333,1.5,1.5,0,0,0,0,0,0,0,0,0,0,2,1,1.5,0,2,3,0,2,2,2
Redtail Parrotfish,Algae,157,0,0,0,0,0,2,2.25,2.75,3,2.833333333,2.571428571,2.875,2.805952381,0,0,0,0,0,0,0,0,0,0,0,2,0,2,0,0,0,0,0,0,0,0,0,2,2,0,2,0,2,0,4,2,2,0,0,1.5,1.5,1.666666667,1.5,2,1.5,2,0,1,1,2,1,1,1.333333333,0,0,0,0,0,0,0,1,0,0,0,0,0,0,0,0,0,0,0,0,0,2,2.5,3.333333333,3,3,2,2.5,3,2.25
Stoplight Parrotfish,Algae,158,2.888888889,2.666666667,2.833333333,2,2.571428571,0,2,0,0,0,0,0,0,2.666666667,2.5,41,2.5,3,3,2.25,2,0,0,0,0,0,0,0,0,0,0,0,0,0,0,0,0,0,0,0,0,0,0,0,0,0,2,1.5,0,0,1,0,2.5,3,3,0,2,2.333333333,2,2,1.666666667,2.5,2.142857143,2.428571429,2.571428571,2.833333333,2.833333333,2.714285714,2,2.333333333,2.714285714,2.125,2,2.6,2,0,2,2.2,3,2.166666667,2.5,2.166666667,2.5,2.909090909,2.727272727,3,2.888888889,2.7,2.333333333,2.545454545,2.727272727,2.818181818
Striped Parrotfish,Algae,159,0,2.5,0,0,2,0,0,0,0,0,0,0,0,0,2,41,3,3,2,2,0,0,0,0,3,0,0,0,0,0,2,0,0,0,0,0,0,0,0,0,0,0,0,0,2,0,2,0,0,0,0,0,0,2,3,0,0,1,0,1,0,2,0,0,2,0,3,2.5,0,0,0,2,0,0,0,0,0,0,0,0,0,0,2,1.25,2,3,1.5,2,1,2,1.333333333,2
Yellowtail (Redfin)Parrotfish,Algae,160,0,0,0,0,0,0,0,0,0,0,0,0,0,0,0,0,0,0,0,0,0,1,3,0,0,3,2,2,0,3,2,2,0,3,0,0,1,1,0,0,0,0,1.5,2,3,2,0,0,0,0,0,0,2.25,1.5,3,2.5,2,1.666666667,0,3,1.5,3,1.5,2,2,1,0,2,0,0,1,3,0,0,0,0,0,0,0,0,0,0,2,0,2,0,0,2,0,0,0,1.666666667
Bluelip Parrotfish,Algae,161,0,0,0,0,0,0,0,0,0,0,0,0,0,0,0,0,0,0,0,0,0,0,0,0,0,0,0,0,0,0,0,0,0,0,0,0,0,0,0,0,0,0,0,0,0,0,0,0,0,0,0,0,0,0,0,0,0,0,0,0,0,0,0,0,0,0,0,0,0,0,0,0,0,0,0,0,0,0,0,0,0,0,0,1,0,0,0,0,0,0,0,1
Bucktooth Parrotfish,Algae,162,0,0,0,0,0,0,0,0,0,0,0,0,0,0,0,0,0,0,0,0,0,0,0,0,0,0,0,0,0,0,0,0,0,0,0,0,0,0,0,0,0,0,0,0,0,0,0,0,0,0,0,0,0,0,0,0,0,0,0,0,0,0,0,0,0,0,0,0,0,0,0,0,0,0,0,0,0,0,0,0,0,0,0,0,0,0,0,0,0,0,0,1
Jolthead Porgy,Crustaceans,163,0,0,0,0,0,0,0,0,0,0,0,0,0,0,0,0,0,0,0,0,2.5,2.222222222,2.1,2.5,2,2.6,2.6,2.5,2.75,2.333333333,2.1,2,2.333333333,2.2,2.571428571,2.416666667,2.916666667,2.666666667,2.666666667,2.666666667,2.7,3,2.666666667,2.875,2.375,2.8,2.4,2.2,2.5,2.5,2.6,2.5,2.625,2.625,3,2.714285714,2.875,2.714285714,2.125,2.714285714,2.857142857,2.75,0,0,0,0,0,0,0,0,0,0,0,0,0,0,0,0,0,0,0,0,0,1,2,2,0,0,0,0,0,1
Pluma,Crustaceans,164,0,0,0,0,0,0,0,0,0,0,0,0,0,0,0,0,0,0,0,0,0,0,0,0,0,0,2,0,0,0,0,0,0,0,0,0,0,0,0,0,0,0,0,0,0,0,0,0,0,0,0,0,2,1,0,0,0,0,0,0,1,2,0,0,0,0,0,0,0,0,0,0,0,0,0,0,0,0,0,0,0,0,0,2,1,0,0,0,0,0,0,1
Saucereye Porgy,Crustaceans,165,0,0,0,0,0,0,0,0,0,0,0,0,0,0,0,0,0,0,0,0,0,0,0,0,0,0,0,0,0,0,0,0,0,0,0,0,0,0,0,0,0,0,0,0,0,0,1,0,1,0,0,0,0,1,0,0,0,0,0,0,0,0,0,0,0,0,0,0,0,0,0,0,0,0,0,0,0,0,0,0,0,0,0,2,2,1,0,2,0,2,0,1
Sheepshead,Crustaceans,166,0,0,0,0,0,0,0,0,0,0,0,0,0,0,0,0,0,0,0,0,0,0,0,0,0,0,0,0,0,0,0,0,0,0,0,0,0,0,0,0,0,0,0,0,0,0,0,0,0,0,0,0,0,0,0,0,0,0,0,0,0,0,0,0,0,0,0,0,0,0,0,0,0,0,0,0,0,0,0,0,0,0,0,0,0,0,0,0,0,0,0,0
Sheepshead Porgy,Crustaceans,167,0,0,0,0,0,1,2,0,0,1,0,0,0,0,0,0,0,0,0,0,0,0,0,0,0,0,0,0,0,0,1,0,0,0,1,0,0,0,0,0,0,0,0,0,0,0,0,0,0,0,0,0,1,0,2,0,0,0,0,0,0,0,0,0,0,0,0,0,0,0,0,0,0,0,0,0,0,0,0,0,0,0,0,2,1,0,2,2,1,0,2,1.5
Silver Porgy,Crustaceans,168,0,0,0,0,0,0,0,0,0,0,0,0,0,0,0,0,0,0,0,0,0,0,0,0,0,0,0,0,0,0,0,0,0,0,0,0,0,0,0,0,0,0,0,0,0,0,0,0,0,0,0,0,0,0,0,0,0,0,0,0,0,0,0,0,0,0,0,0,0,0,0,0,0,0,0,0,0,0,0,0,0,0,0,0,0,0,0,0,0,0,0,0
Spottail Pinfish,Crustaceans,169,0,0,0,0,0,0,0,0,0,0,0,0,0,0,0,0,0,0,0,0,0,0,0,0,0,0,0,0,0,0,0,0,0,0,0,0,0,0,0,0,0,0,0,0,0,0,0,0,0,0,0,0,0,0,0,0,0,0,0,0,0,0,0,0,0,0,0,0,0,0,0,0,0,0,0,0,0,0,0,0,0,0,0,1,0,0,0,0,0,0,0,0
Balloonfish,Sponges,170,1,1,1,0,0,0,0,0,0,2,0,1,0,0,0,0,0,1,0,0,0,0,0,0,0,0,0,0,0,0,0,0,0,0,0,0,0,0,0,0,0,0,0,0,0,0,0,0,0,0,0,0,0,0,0,0,0,0,1,0,0,0,1.5,0,0,1,0,2,0,0,0,0,0,1,0,0,1,1,1,1.333333333,1,2,1,1.666666667,1.5,1.333333333,2,1.5,1.333333333,1,2,1.666666667
Bandtail Puffer,Sponges,171,0,0,0,0,0,0,0,0,0,0,0,0,0,0,0,0,0,1,0,0,0,0,0,0,0,0,0,0,0,0,0,0,0,0,0,0,0,0,0,0,0,0,0,2,2,0,0,0,0,0,1,0,0,0,0,0,1,0,0,0,1,0,0,0,0,0,0,0,0,0,0,0,0,0,0,0,0,0,0,0,0,0,0,1,2,0,1,0,0,0,2,1
Porcupinefish,Sponges,172,0,0,0,0,0,0,0,0,0,0,0,0,0,0,0,0,0,0,0,0,0,0,3,0,0,0,0,0,0,0,0,0,0,0,0,0,0,0,0,0,0,0,0,0,0,0,0,0,0,0,0,0,0,0,2,0,0,0,0,1,0,2,1,2,0,1,0,0,0,1,0,0,0,0,0,0,0,0,0,0,0,0,0,1,2,1,0,0,1,1,0,1
Sharpnose Puffer,Sponges,173,0,0,0,0,0,0,0,0,0,0,0,0,0,0,0,0,0,0,0,0,0,0,0,0,0,0,0,0,0,0,0,0,0,0,0,0,0,0,0,0,0,0,0,0,0,0,0,0,0,0,0,0,0,0,0,0,0,0,0,0,0,0,2,2.5,2,2,1.5,2,2,2,0,2.5,2,0,0,0,0,0,0,0,2,0,2,2,0,2,2,2,0,2.5,3,2
Southern Stingray,Crustaceans,174,0,1,1,0,0,0,0,0,0,1,0,0,0,0,1,0,1,1,0,0,0,0,0,0,0,0,0,0,0,0,0,0,0,0,0,0,0,0,0,0,0,0,0,0,0,0,0,0,0,0,0,0,0,0,1,2,0,0,0,0,0,0,0,1,1,0,1.666666667,0,0,0,0,0,0,0,1,0,0,0,1,0,1,0,0,2,1.666666667,2,1.5,1.333333333,1,1,1,1
Spotted Eagle Ray,Crustaceans,175,0,0,2,0,0,0,0,0,0,1,1,0,0,0,1,0,0,1,0,0,0,0,0,0,0,0,0,0,0,0,0,0,0,0,0,0,0,0,0,0,0,0,0,0,0,1,0,1,0,0,0,0,1,0,1,2,1,0,0,1,1,1,0,0,0,0,0,0,0,0,0,0,0,0,0,0,0,0,0,0,0,0,0,0,0,0,1,0,0,0,0,0
Yellow Stingray,Crustaceans,176,0,0,0,0,0,0,0,0,0,0,0,0,0,0,0,0,0,0,0,0,0,0,0,0,0,0,0,0,0,0,1,0,0,0,0,0,0,0,0,0,0,0,0,0,2,0,2,2,2,0,2,0,0,0,0,0,0,1,0,0,0,0,2,1,2,0,0,0,0,0,0,0,0,0,0,0,0,0,1,0,0,0,1,1,3.5,1.5,1,1,0,1,0,1
Green Razorfish,Unidentified,177,0,0,0,0,0,0,0,0,0,0,0,0,0,0,0,0,0,1,0,0,0,0,0,0,0,0,0,1.5,0,2,1,0,0,1,0,1,1,1,1,1,1.5,1.166666667,1,0,1,1.5,1,1,1,1,0,1.5,1,0,1,0,0,1,0,1,1,0,0,0,0,0,0,0,0,0,0,0,0,0,0,0,0,0,0,0,0,0,0,0,0,0,0,0,0,0,0,1
Rosy Razorfish,Unidentified,178,0,0,0,0,0,0,0,0,0,0,0,0,0,0,0,0,0,0,0,0,0,0,0,0,0,0,0,0,0,0,0,0,0,0,0,0,0,1,1,1,0,1,1,0,0,0,0,0,0,0,0,1,0,0,0,0,0,0,1,0,0,0,0,0,0,0,0,0,0,0,0,0,0,0,0,0,0,0,0,0,0,0,0,0,0,0,0,0,0,0,0,0
Pearly Razorfish,Unidentified,179,0,0,0,0,0,0,0,0,0,0,0,0,0,0,0,0,0,2,0,0,0,0,0,0,0,0,0,0,0,0,0,0,0,0,0,0,0,0,0,0,0,0,0,0,0,0,0,0,0,0,0,0,0,0,1.5,0,0,1,0,0,0,0,0,0,0,0,0,0,0,0,0,0,0,0,0,0,0,0,0,0,0,0,0,0,0,0,0,0,0,0,0,0
Belted Sandfish,Unidentified,180,0,0,0,0,0,0,0,0,0,0,0,0,0,0,0,0,0,0,0,0,0,0,0,0,0,0,0,0,0,0,0,0,0,0,0,0,0,0,0,0,0,0,0,0,0,0,0,0,0,0,0,0,0,0,0,0,0,0,0,0,0,0,0,0,0,0,0,0,0,0,0,0,0,0,0,0,0,0,0,0,0,0,0,0,0,0,0,0,0,0,0,0
Chalk Bass,Unidentified,181,0,0,0,0,0,0,0,0,0,0,0,0,0,0,0,0,0,1,0,0,0,0,0,0,0,0,0,0,0,0,0,0,0,0,0,0,0,0,0,0,0,0,0,0,0,0,0,0,0,0,0,0,0,0,0,0,0,0,0,0,0,0,0,0,0,0,0,0,0,0,0,0,0,0,0,0,0,0,0,0,0,0,0,0,1,0,0,0,1,1,1,0
Creole-fish,Unidentified,182,0,0,0,0,0,0,0,0,0,0,0,0,0,0,0,0,0,0,0,0,0,0,0,0,0,0,0,0,0,0,0,0,0,0,0,0,0,0,0,0,0,0,0,0,0,0,0,0,0,0,0,0,0,0,0,0,0,0,0,0,0,0,0,0,0,0,0,0,0,0,0,0,0,0,0,0,0,0,0,0,0,0,0,0,0,0,0,0,0,0,0,0
Harlequin Bass,Unidentified,183,0,1,2,2,0,0,0,0,0,0,0,0,0,0,0,0,0,2,0,0,0,0,0,0,0,0,0,0,0,0,0,0,0,0,0,0,0,0,0,0,0,0,0,0,0,0,0,0,0,0,0,0,0,0,0,0,0,0,0,0,0,0,2,1,0,1,0,1.5,0,2,0,1,0,0,0,0,0,0,0,0,0,0,0,1,1,0,1,2,0,0,0,2
Lantern Bass,Unidentified,184,0,0,0,0,0,0,0,0,0,0,0,0,0,0,0,0,0,0,0,0,0,0,0,0,0,0,0,2,0,0,0,0,0,0,0,0,0,0,0,0,0,0,0,2,2,1.5,0,0,2,0,2,0,0,2,2,1,0,2,0,1,1.666666667,2,0,0,0,0,0,0,0,0,0,0,0,0,0,0,0,0,0,0,0,0,0,0,0,0,2,0,0,2,1,0
Peppermint Bass,Unidentified,185,0,0,0,0,0,0,0,0,0,0,0,0,0,0,0,0,0,0,0,0,0,0,0,0,0,0,0,0,0,0,0,0,0,0,0,0,0,0,0,0,0,0,0,0,0,0,0,0,0,0,0,0,0,0,0,0,0,0,0,0,0,0,0,0,0,0,0,0,0,0,0,0,0,0,0,0,0,0,0,0,0,0,0,0,0,0,0,0,0,0,0,0
Sand Perch,Unidentified,186,0,0,0,0,0,0,0,0,0,0,0,0,0,0,0,0,0,0,0,0,0,0,0,0,0,0,0,0,0,0,0,0,0,0,0,0,0,0,0,0,0,0,0,0,0,0,0,0,0,0,0,0,0,0,0,0,0,0,0,0,0,0,0,0,0,0,0,0,0,0,0,0,0,0,0,0,0,0,0,0,0,0,0,0,0,0,0,0,0,0,0,0
Tobaccofish,Unidentified,187,0,0,0,0,0,0,0,0,0,0,0,0,0,0,0,0,0,1,0,0,0,0,0,0,0,0,0,0,0,0,0,0,0,0,0,0,0,0,0,0,0,0,0,0,0,0,0,0,0,0,0,0,0,1,0,0,0,0,0,0,0,0,0,1,0,1,0,1,0,0,0,0,0,0,0,0,0,0,0,0,0,0,0,0,0,0,1,0,0,0,1,0
Blackfin Snapper,Fish,188,0,0,0,0,0,0,0,0,0,0,0,0,0,0,0,0,0,0,0,0,0,0,0,0,0,0,0,0,0,0,0,0,0,0,0,0,0,0,0,0,0,0,0,0,1,0,0,0,0,0,2,0,0,0,0,0,0,0,0,0,0,0,0,0,0,0,0,0,0,0,0,0,0,0,0,0,0,0,0,0,0,0,0,0,0,0,0,0,0,1,0,0
Cubera Snapper,Fish,189,0,0,0,0,0,0,0,0,2,2,1,0,0,0,0,0,0,0,0,0,0,0,0,0,0,0,0,0,0,0,0,0,0,0,0,0,0,0,0,0,0,0,0,0,1,0,0,0,0,0,0,0,0,0,0,0,0,0,0,0,0,0,0,1,0,0,0,0,0,0,0,1,0,0,0,0,0,0,0,0,0,0,0,1,1,1,0,0,0,0,0,1
Dog Snapper,Fish,190,0,0,0,0,0,0,0,0,0,0,0,0,0,0,0,0,0,0,0,0,2,0,0,0,0,2,0,0,0,0,0,0,0,0,0,0,0,0,0,0,0,0,0,2,0,2.5,0,2,2,0,2,3,0,0,0,0,0,0,0,0,0,0,0,0,0,0,0,0,0,0,0,0,0,0,0,0,0,0,0,0,0,0,0,1,1,1,1,1,1,0,0,0
Gray Snapper,Fish,191,0,0,0,0,0,0,0,0,0,0,0,0,0,0,0,0,0,0,0,0,0,0,0,2,0,0,0,0,0,0,0,0,0,0,0,0,0,0,0,0,0,0,3,0,2,0,0,1,3,1,0,0,0,1,1,0,0,0,0,0,0,2,0,0,0,0,0,0,0,0,0,0,0,0,0,0,0,0,0,0,0,0,0,1,1,2,1,1,1,1,0,0
Lane Snapper,Fish,192,0,2,0,0,0,0,0,0,0,1,0,2,0,3,3,0,0,0,0,0,1,0,0,0,0,1,0,0,0,0,0,0,0,0,0,0,0,0,0,0,0,0,2,0,2,2,2,0,1,1.333333333,2,0,2.2,2,1.666666667,2,2,2.142857143,1.666666667,2.25,2,1.5,0,0,0,0,0,0,0,0,0,0,0,0,0,0,0,0,0,0,0,0,0,2,2,2,1,0,0,2,0,0
Mahogany Snapper,Fish,193,0,0,0,0,0,0,1,0,0,0,0,1,0,0,0,0,0,0,0,0,1.666666667,2,2.5,2.5,2.5,3,2,1.5,2,2,1.5,2.5,2,1,1.6,1.857142857,2.333333333,2,2.285714286,1.75,1.833333333,2.2,2,1.5,2.5,2,2.333333333,1.5,2.5,2,1.5,1,2,1.8,1.75,1.75,1.5,1.666666667,1.5,2,1.666666667,2,0,0,2,1,0,1,0,0,0,2,0,0,0,0,0,0,0,0,0,0,0,1,1.333333333,1.666666667,0,3,0,2,0,1.5
Mutton Snapper,Fish,194,0,0,0,0,0,2,2,2.333333333,1.75,3,1,1.5,1.916666667,1,2,50.5,2,0,2,1,0,0,0,2.333333333,2,0,1,2.666666667,3,0,2,3,3,0,2,2.333333333,2.333333333,2,2,1.666666667,4,1.8,2.428571429,0,1.5,1,2,2,2,2.5,0,0,1.333333333,1.666666667,1.75,3,1.5,1.8,1.5,1.75,1.5,1.5,1,1.666666667,0,2,0,1.666666667,0,1.75,1,1.6,0,0,1,0,1,1,1,1,1,0,2.166666667,2.142857143,2,2,2.333333333,2,1.875,2.5,1.6,2.111111111
Schoolmaster,Fish,195,2,1.666666667,2.5,0,2,1.666666667,2.5,2.25,2.333333333,2.2,2.5,2.428571429,2.342380952,2,1.666666667,50.79166667,2.5,2,2,2,0,0,0,0,0,0,0,0,1,0,0,2,0,0,2,0,0,0,0,0,0,1,0,0,0,0,0,2,0,0,1,0,0,1,0,0,0,1,0,2,1,0,2,2.25,1.5,2,1.25,2,1.666666667,2,2,2.5,0,0,0,0,2,1.5,0,2,0,2.333333333,2.428571429,2,2.142857143,2,2.6,2,1.75,2.428571429,2,2
Yellowtail Snapper,Fish,196,3,2.75,3,0,2.5,0,0,0,0,0,0,0,0,1.666666667,3,51.5625,2.25,2.666666667,3,2,0,0,0,0,0,0,0,0,0,0,0,0,0,0,0,0,0,0,0,0,0,0,0,0,1,0,1,0,0,0,0,0,2,1.5,2,2,2,2,0,2,2,2,2,1.666666667,2,2,0,1.5,1,2,1,3,0,0,0,0,0,0,0,0,0,0,2,3.5,2,1,1.5,0,0,2,1,2.666666667
Blackbar Soldierfish,Crustaceans,197,0,0,2,2,0,0,0,0,0,0,0,0,0,0,0,0,0,0,0,0,0,0,0,0,0,0,0,0,0,0,0,0,0,0,0,0,0,0,0,0,0,0,0,0,0,0,0,0,0,1,2,0,2,1.5,2,2,2,1.333333333,0,2,1.333333333,2,0,0,0,2.5,0,0,0,2,0,3,0,0,0,0,0,0,0,0,0,0,0,0,1,1,1,0,1,3,0,1
Dusky Squirrelfish,Crustaceans,198,0,0,0,0,0,0,1,0,2,2,2,2,0,0,0,0,0,0,0,0,0,0,0,0,0,0,0,1.5,3,2,2,2,2,2,2,0,0,0,0,0,0,0,0,0,2,0,2,3,0,1,0,1.5,2,1.6,2,2,2,1.666666667,2,2,2,2,0,1,0,0,0,0,0,0,0,2,0,0,0,0,0,0,0,0,0,0,0,2,2,2,1,2,2,2,1.5,2
Longjaw Squirrelfish,Crustaceans,199,0,0,0,0,0,0,0,0,0,0,0,0,0,0,0,0,0,0,0,0,2.2,2.5,2.545454545,2.444444444,2.571428571,2.714285714,2.333333333,2,2,2.2,2.75,2,1.5,2,2.6,2.272727273,2.615384615,2.272727273,2.6,2.888888889,2.666666667,2.727272727,2.4,3,2.2,2.666666667,2.5,2.4,2.333333333,2.4,2.2,2,2.333333333,2.2,2,2,2.166666667,2.2,2.2,2.166666667,2.4,1.833333333,0,0,0,3,0,1,0,0,0,0,0,0,0,0,0,0,0,0,0,0,1.5,2,1,2,2,2.5,2,2.5,2,1.5
Longspine Squirrelfish,Crustaceans,200,0,0,0,0,0,0,0,0,0,0,0,0,0,2,2,52.375,2.5,3,3,2,0,0,0,0,0,0,0,2,2,0,2,2,2,0,3,0,0,1,0,0,0,1,2,2,0,0,1,2,0,2,2,0,3,2,2,0,2,2,0,3,3,2,1.5,2,0,2.5,0,2,0,2.5,2,2,0,0,0,0,0,0,0,0,0,0,2.666666667,2.5,2.5,4,3,2.333333333,4,4,2.333333333,3
Squirrelfish,Crustaceans,201,2.5,2.333333333,2.6,0,2.857142857,2.666666667,3,2.875,2.833333333,3,2.833333333,2.6,2.828333333,2.5,2,52.5,2,2.5,2,2,0,0,0,0,0,0,0,0,0,0,1,0,0,0,0,0,0,2,0,0,0,0,0,0,2,2,2,2,2,0,0,0,2,2,2,2,2,0,0,2.5,2,2.5,2.428571429,2.666666667,2.333333333,2.714285714,2,2.428571429,2.333333333,2.2,2,2.833333333,2,2,2,1.5,2,1.5,2,2.666666667,2.5,1.666666667,2.571428571,1.571428571,2.2,2.875,2.333333333,2.625,2.5,2.5,2,2.166666667
Reef Squirrelfish,Crustaceans,202,0,0,2,0,0,2.333333333,2,2.5,2.8,2.666666667,2.714285714,2.625,2.661190476,0,0,0,0,0,0,0,2.333333333,2.428571429,2.666666667,2.4,3,2.833333333,2.571428571,2.75,3.166666667,2.142857143,2.1,2.375,2.714285714,2.333333333,2.625,2.7,3,2.636363636,2.777777778,2.9,2.666666667,2.769230769,2.444444444,3.4,3,2.666666667,2.4,2.4,2.166666667,2.666666667,2.2,2.6,2.375,2.5,2.714285714,2.625,2.857142857,2.428571429,1.833333333,2.714285714,2.8,2.8,0,0,0,0,0,0,0,1,0,0,0,0,0,0,0,0,0,0,0,0,2.333333333,3,3,3,4,2,2.5,2,4,0
Blue Tang ,Algae,203,3.125,2.833333333,2.6,0,2.666666667,0,0,2,0,0,0,0,0,3,3,53.5,3,3,3,2.25,2,0,0,2,2,0,2,0,0,0,2,0,0,0,0,0,0,0,0,0,0,0,0,2,2.5,2.5,2.5,1.666666667,2,2.5,1,2,2.25,3,3,3,2.666666667,2.5,3,3,3,3,3.166666667,3.142857143,3.166666667,2.4,3,3.285714286,3.142857143,2.8,3.142857143,2.571428571,0,2.666666667,2,0,2,2.75,2.6,2.25,3,4,2.875,3.1,2.555555556,2.8,3.111111111,3.2,2.888888889,2.777777778,3.090909091,3.25
Doctorfish,Algae,204,0,2.5,2,0,0,0,0,0,0,0,0,0,0,0,0,0,0,0,0,0,2.5,2,2.333333333,2.714285714,2.5,1.833333333,2.285714286,1.833333333,2,1.666666667,2.5,2,2,2.75,2,2.25,1.75,2,1.6,2,2,2,2,2,2,2,2.6,2,2,1.666666667,2,2,3,2.285714286,2,2,2,2.428571429,2,2.5,2.25,2.75,2,0,0,0,0,0,0,0,0,0,0,0,0,0,0,0,0,0,0,0,4,1.666666667,1.5,1.666666667,1,0,2,2,3,1.666666667
Ocean Surgeonfish,Algae,205,0,3,0,0,3,0,1,1,2.5,3,2,2.4,2.18,0,0,0,3,1,0,0,0,1.5,0,0,0,0,0,0,0,0,1,0,0,0,0,1,1,1,0,0,0,1.333333333,0,0,1,0,0,0,0,0,1,0,0,1,0,0,1,1,0,1.5,0,0,2.75,2.6,2.666666667,2.166666667,2.5,2.5,2.5,1.666666667,2.666666667,2.8,0,0,0,0,0,0,0,0,0,0,1.666666667,2,2,2,1.666666667,2.5,1.8,2,1.25,2.4
Black Durgon,Algae,206,2,1.5,2.5,0,2,0,0,0,0,0,0,0,0,2.666666667,2.5,53.625,2,2.666666667,2,2,0,1,0,0,1,0,1,0,0,0,1,0,0,0,0,1,1,0,1,0,3,0,1,1,0,1.666666667,0,0,0,0,1.5,0,1,1,1,1,0,1,0,1,0,1,3.285714286,2.333333333,2.5,1.666666667,2,2.714285714,3,2.2,2.714285714,1.666666667,1,1.8,1.333333333,1.5,2.5,1.666666667,1,1.666666667,2.75,2,3,2.444444444,2,2.4,2.428571429,2.777777778,1.714285714,2.75,2.5,2.4
Ocean Triggerfish,Echinoids,207,0,0,1,0,0,0,0,0,1,0,0,1.333333333,0,1,1,0,0,0,0,0,0,0,0,0,0,0,0,0,0,0,0,0,0,0,0,1,0,0,0,0,0,0,0,0,0,0,0,0,0,0,0,0,0,0,0,0,0,0,0,0,0,0,0,0,0,0,0,0,0,0,0,0,0,0,0,1,0,1,0,0,0,0,0,1,1,1.2,1.666666667,1,0,1.333333333,1,1.2
Queen Triggerfish,Echinoids,208,1,0,0,0,0,0,0,0,0,0,0,0,0,1,1,0,0,0,0,0,2.333333333,2.142857143,2.125,2.333333333,2.6,2.5,2.5,2.714285714,2,2.333333333,1.714285714,2.5,1.714285714,2,2.166666667,2.5,2.583333333,2.666666667,3.333333333,2.166666667,2.444444444,2.636363636,2.833333333,3.285714286,2.25,2.4,2.6,3,2.333333333,2.5,2.2,2.2,2.285714286,2,2.5,2.375,2.333333333,2.285714286,2.166666667,2.25,2.125,2.166666667,0,0,0,0,0,0,0,1,0,0,0,0,0,0,0,0,0,0,0,0,0,1,1,1,1,1,0,1.2,0,1
Gray Triggerfish,Echinoids,209,0,0,0,0,0,1,0,0,0,0,0,0,0,0,0,0,0,0,0,0,0,0,0,0,0,0,0,0,0,0,0,0,0,0,0,0,0,0,0,1,0,0,0,0,0,0,0,0,0,0,0,0,0,0,0,0,0,0,0,0,0,0,0,0,0,0,0,0,0,0,0,0,0,0,0,0,0,0,0,0,0,0,0,0,0,0,0,0,0,0,0,0
Sargassum Triggerfish,Echinoids,210,0,0,0,0,0,0,0,0,0,0,0,0,0,0,0,0,0,0,0,0,0,0,0,0,0,0,0,0,0,0,0,0,0,0,0,0,0,0,0,0,0,1,0,0,1,0,0,0,0,0,0,0,0,0,0,0,0,0,0,0,0,0,0,0,0,0,0,0,0,0,0,0,0,0,0,0,0,0,0,0,0,0,0,0,0,0,0,0,0,0,0,0
Bluehead,Crustaceans,211,2.875,2.333333333,2.6,0,2.2,0,0,0,0,2,0,0,0,3,2.666666667,55.16666667,2,2.666666667,2,2.5,0,0,0,0,0,0,0,0,0,0,0,0,0,0,0,0,0,0,0,0,0,0,0,0,1,0,0,0,0,0,0,0,0,0,0,0,0,0,0,0,0,0,2.857142857,2.285714286,2.714285714,2.571428571,2.2,2.428571429,2.333333333,2.5,2.666666667,2,1,1.75,2,2,2,1.666666667,1.5,2,2.333333333,2,2.111111111,2.9,2.8,3.090909091,3,2.5,2.777777778,2.444444444,2.555555556,3.125
Clown Wrasse,Crustaceans,212,0,2,0,0,0,2,0,0,0,0,0,0,0,0,0,0,0,2,2,0,0,0,0,0,0,0,0,0,0,0,0,0,1,0,0,0,0,0,0,0,0,0,0,0,0,0,0,0,0,0,0,0,0,0,0,0,0,0,0,0,0,0,0,0,0,0,0,0,0,2,0,1,0,0,0,0,0,0,0,0,0,0,0,0,2,0,0,0,0,0,0,0
Creole Wrasse,Crustaceans,213,3,3.25,3.666666667,0,2.5,0,0,0,0,0,0,0,0,3,0,0,4,3.5,3,0,0,2,0,2,0,2,2,0,0,0,2,0,0,0,0,2.5,2.833333333,2,2,3,3,2.333333333,3,2,1.666666667,1.75,2,2,2,2,1.5,2,2.5,2,2,1.5,1,1.5,1,0,2.5,0,0,2.5,0,2.5,0,0,0,0,0,2.5,0,0,0,0,0,0,0,0,0,0,0,3,0,0,3,3,0,2,2,2
Puddingwife,Crustaceans,214,0,0,0,0,0,0,1,0,0,0,0,0,0,0,0,0,0,2,1,0,1,0,1,1,0,0,0,3,0,0,2,0,0,0,2,3,3,0,2,0,0,2,0,1,2.5,2.5,0,0,1.5,0,2,0,1.75,2.25,1,1,0,1.75,0,1,2,0,0,0,0,0,0,0,0,0,0,0,0,0,0,0,0,0,0,0,0,0,0,1,0,0,0,0,0,0,0,0
Rainbow Wrasse,Crustaceans,215,0,0,0,0,0,2,0,0,0,0,0,2,0,0,0,0,0,2,1,3,0,0,0,0,0,0,0,0,0,0,0,0,0,0,0,0,0,0,0,0,0,0,0,0,0,0,0,0,0,0,0,0,0,0,0,0,0,0,0,0,0,0,0,0,0,0,0,0,0,0,0,0,0,0,2,0,0,0,0,0,0,0,0,0,1,0,0,0,0,0,0,0
Slippery Dick,Crustaceans,216,0,1,0,0,0,0,0,0,0,0,0,0,0,0,0,0,0,0,0,0,0,0,0,0,0,0,0,0,0,0,0,0,0,0,0,0,0,0,0,0,0,0,0,0,0,0,2,0,1,0,0,0,0,0,0,0,0,0,0,0,0,0,2.666666667,1.666666667,2,2,2,2,2,2.333333333,2,1.25,0,0,0,0,0,0,0,0,0,0,0,1,0,1,1,0,0,0,0,0
Yellowhead Wrasse,Crustaceans,217,1,1,0,0,1,0,0,0,0,2,0,0,0,3,3,0,0,2,2,0,0,0,0,0,0,0,0,0,0,0,0,0,0,0,0,0,0,0,0,0,0,0,0,0,0,0,0,0,0,0,0,0,0,0,0,0,0,0,0,1,0,0,2,2.2,2,2,0,2.2,2,2.5,1.833333333,2,0,0,0,0,0,0,0,0,0,2,2,3.666666667,1.5,2,2,2,4,2,3,3.5
Blackear Wrasse,Crustaceans,218,0,0,0,3,0,3,3,2.571428571,2.6,3,2.5,2.857142857,2.705714286,0,0,0,0,0,0,0,0,0,0,0,0,0,0,3,0,0,3.333333333,0,0,0,2.5,0,0,1,0,0,0,2,0,4,3,3,2,3,0,0,2,0,2,0,0,0,0,2,0,2,0,0,0,0,0,0,0,0,0,0,0,0,0,0,0,0,0,0,0,0,0,0,0,0,0,4,0,0,0,0,0,0
Yellowcheek Wrasse,Crustaceans,219,0,0,0,0,0,0,0,0,0,0,0,0,0,0,0,0,0,0,0,0,0,0,0,0,1,0,1,0,0,0,0,0,0,0,0,0,0,0,0,0,0,0,0,0,0,0,0,0,0,0,0,0,0,0,0,0,0,0,0,0,0,0,0,0,0,0,0,0,0,0,0,0,0,0,0,0,0,0,0,0,0,0,0,0,0,0,0,3,0,0,0,0
Atlantic Spadefish,Sponges,220,0,0,2,0,0,0,0,0,0,0,0,0,0,0,0,0,0,0,0,0,0,0,0,0,0,0,0,0,0,0,0,1,0,0,0,0,0,0,0,0,0,0,0,0,0,0,0,0,0,0,0,0,0,0,0,0,0,0,0,0,0,0,0,0,0,0,0,0,0,0,0,0,0,0,0,0,0,0,0,0,0,0,0,0,0,2,0,0,1,0,1,0
Bluespotted Cornetfish,Fish,221,0,0,0,0,0,0,0,0,0,0,0,0,0,0,0,0,0,0,0,0,0,0,0,0,0,0,0,0,0,0,0,0,0,0,0,0,0,0,0,0,0,0,0,0,0,1,0,0,1,0,1,1,0,0,0,0,0,0,0,0,0,1,0,0,0,0,0,0,0,0,0,0,0,0,0,0,0,0,0,0,0,0,0,0,0,0,0,0,0,0,0,0
Bonefish,Fish,222,0,0,0,0,0,0,0,0,0,0,0,0,0,0,0,0,0,0,0,0,0,0,0,0,0,0,0,0,0,0,0,0,0,0,0,0,0,0,0,0,0,0,0,0,0,0,0,0,0,0,0,0,0,0,0,0,0,0,0,0,0,0,0,0,0,0,0,0,0,0,0,0,0,0,0,0,0,0,0,0,0,0,0,1,0,0,0,0,0,0,0,0
Cero,Fish,223,0,1,1,0,0,0,0,0,0,0,0,0,0,0,0,0,0,1,0,0,0,0,3,0,2,2,2,0,0,0,0,0,0,0,0,0,0,0,0,0,0,1,0,0,0,0,0,0,1,0,0,0,0,0,0,0,0,0,0,0,0,0,1,0,0,1,1,1,0,0,0,0,0,0,0,0,0,0,0,0,0,0,0,0,0,0,0,0,0,0,0,0
Chub (Bermuda/Yellow),Algae,224,0,2.5,0,0,0,0,0,0,0,0,0,0,0,0,3,0,0,2,1,0,0,0,0,0,0,0,0,0,0,0,0,0,0,0,0,0,0,0,0,0,0,0,0,0,0,0,0,0,0,0,0,0,0,0,0,0,0,0,0,0,0,0,2,0,0,2,0,2,0,2,0,2,0,0,0,0,0,0,0,0,0,0,0,2.2,3,1.4,2,2.25,2,3,1.333333333,2
Common Snook,Unidentified,225,0,0,0,0,0,0,0,1,1.5,2,2,1,1.5,0,0,0,0,0,0,0,0,0,0,0,0,0,0,1,0,0,0,1,0,0,0,0,0,1,0,1,0,0,0,0,0,1,2,1,1,0,1.5,0,0,2,2,1,1,0,1,0,3,2,0,0,0,0,0,0,0,0,0,0,0,0,0,0,0,0,0,0,0,0,0,0,0,0,0,0,0,0,0,0
Flying Gurnard,Crustaceans,226,0,0,0,0,0,0,0,0,0,0,0,0,0,0,0,0,0,0,0,0,0,0,0,0,0,0,0,0,0,0,0,0,0,0,0,0,0,0,0,0,0,0,0,0,0,1,0,0,0,0,0,0,0,0,0,0,0,0,0,0,0,0,0,0,0,0,0,0,0,0,0,0,0,0,0,0,0,0,0,0,0,0,0,0,1,0,0,0,0,1,0,0
Glasseye Snapper,Unidentified,227,0,0,0,0,0,0,0,0,0,0,0,0,0,0,0,0,0,0,0,0,0,0,0,0,0,0,0,0,0,0,0,0,0,0,0,0,0,0,0,0,0,0,0,0,0,0,0,0,0,0,0,0,0,0,0,0,0,0,0,0,0,0,0,0,0,0,0,0,0,1,0,0,0,0,0,0,0,0,0,0,0,0,0,0,0,0,0,0,0,0,0,0
Glassy Sweeper,Unidentified,228,0,0,0,0,0,0,1.5,2,2.6,2,3,1,2.12,0,0,0,0,3,0,0,0,0,0,0,0,0,0,0,0,0,0,0,0,0,0,0,0,0,0,0,0,0,0,0,4,0,0,0,0,0,0,0,0,0,0,0,0,0,0,0,4,0,0,0,0,0,0,0,0,0,0,0,0,0,0,0,0,0,0,0,0,0,0,0,0,0,0,0,0,0,0,0
Greater Soapfish,Crustaceans,229,1,0,1.5,0,1.666666667,0,0,0,0,0,0,0,0,2,0,0,2,0,0,2,0,0,0,0,2,0,0,0,0,0,0,1,0,0,0,0,0,0,0,2,0,0,0,0,1.5,1,1,0,1.5,0,2,1,0,0,1.5,0,0,2,0,1,1,0,1,1,1,1,1,1,1,1,0,2,0,0,2,0,2,1,2,2,2,0,0,0,1.5,1,0,1,0,1.5,0,1.666666667
Houndfish,Unidentified,230,0,3,0,0,0,0,0,0,0,0,0,0,0,0,0,0,0,0,0,0,0,0,0,0,0,0,0,0,0,0,0,0,0,0,0,0,0,0,0,0,0,0,0,0,0,0,0,0,0,0,0,0,0,0,0,0,0,0,0,0,0,0,0,0,0,0,0,0,0,0,0,0,0,0,0,0,0,0,0,0,0,0,0,1,0,0,0,0,1,0,0,1
Lancer Dragonet,Unidentified,231,0,0,0,0,0,0,0,0,0,0,0,0,0,0,0,0,0,0,0,0,0,0,0,0,0,0,0,3,0,0,0,0,0,0,0,0,0,0,0,0,0,0,0,2,3,0,2,0,2.5,2,2,2,0,1.5,3,2,2,3,2,1,0,2,0,0,0,0,0,0,0,0,0,0,0,0,0,0,0,0,0,0,0,0,0,0,0,0,0,0,0,0,0,0
Nurse Shark,Unidentified,232,0,0,0,0,0,2,0,0,0,0,0,0,0,0,0,0,0,0,0,0,0,0,0,0,0,0,0,0,0,0,0,0,0,0,0,0,0,0,0,0,0,0,0,2,0,0,0,0,0,0,0,0,0,0,0,0,0,0,0,0,0,0,0,1,0,1,0,1,0,0,0,0,0,0,0,0,0,0,0,0,0,0,1,1,0,1,1.5,1,0,0,2,1.5
Redspotted Hawkfish ,Unidentified,233,0,0,0,0,0,0,0,0,0,0,0,0,0,0,0,0,2,2,2,2,0,0,0,0,0,0,0,0,0,0,0,0,0,0,0,0,0,0,0,0,0,0,0,0,0,0,0,0,0,0,0,0,0,0,0,0,0,0,0,0,0,0,0,0,0,0,0,0,0,0,0,0,0,0,0,0,0,0,0,0,0,0,0,0,0,0,0,1,0,0,0,0
Sand Diver,Unidentified,234,0,3,0,0,0,0,0,0,0,0,1,0,0,0,0,0,0,2,0,0,0,0,0,0,0,0,0,0,0,0,0,0,0,0,0,0,0,0,0,0,0,0,0,0,0,0,0,0,0,0,0,0,0,0,0,0,0,0,0,0,0,0,0,0,0,0,0,0,1,0,0,0,0,0,0,0,0,0,0,0,0,0,3,2.333333333,0,1.2,0,0,0,2,3,2
Sand Tilefish,Unidentified,235,3,2,0,0,0,1,1,1.5,1.666666667,1.5,1,1.285714286,1.390476191,2,0,0,0,2,2,0,0,1.75,0,0,0,2,0,1.5,1.5,0,0,2.5,1,0,2.285714286,0,1.75,2.666666667,2.3,1,0,2,2.9,0,0,2.333333333,0,0,0,0,0,3,0,1.5,0,2.166666667,2,0,0,0,0,3.25,0,1,0,2,0,1,0,2,0,2,0,0,0,0,0,0,0,0,0,0,0,2,1,1,0,1,0,2,1.333333333,1
Sharksucker,Unidentified,236,0,0,0,0,0,0,0,0,0,0,0,0,0,0,0,0,0,0,0,0,0,0,0,0,1,0,1,0,0,0,0,0,1,0,0,0,0,0,0,0,0,1,0,1,0,0,0,0,0,0,1,0,0,0,0,0,0,1,0,0,1,0,0,0,0,0,0,0,0,0,0,0,0,0,0,0,0,0,0,0,0,0,0,0,0,0,0,0,0,0,2,0
Silversides,Unidentified,237,0,0,3.5,0,3,0,0,0,0,0,0,0,0,0,0,0,0,0,0,0,0,0,0,0,0,0,0,0,0,0,0,0,0,0,0,0,0,0,0,0,0,0,0,0,0,0,0,0,0,0,0,0,0,0,0,0,0,2,0,0,1,0,4,4,0,4,0,4,4,4,0,4,0,0,0,0,0,0,0,0,0,0,0,0,0,0,0,0,0,0,0,0
Spotted Scorpionfish,Fish,238,1,1,0,0,0,0,0,0,0,0,0,0,0,0,2,0,0,1,0,1.5,0,0,0,0,0,0,0,0,0,0,0,0,0,0,0,0,0,0,0,0,0,0,0,0,0,0,0,0,0,0,0,0,0,0,0,0,0,0,0,0,0,0,0,0,0,0,0,0,0,0,0,0,0,0,0,1,0,0,0,0,1,0,0,0,0,0,0,0,0,0,0,1
Tarpon,Fish,239,0,2.833333333,0,0,2.714285714,0,1,1.5,0,0,0,1,0,1,2.4,61.1,2,2,2,3,0,0,0,1,0,0,0,0,1,1,0,1,0,0,1,0,1,1,2,0,0,1,1,0,0,0,0,1,0,2,0,0,0,1,0,0,0,1,0,0,0,0,0,2,0,1.5,1.666666667,2,0,2,3,3,0,3,0,0,0,0,3.166666667,0,3,2.75,1.666666667,1.75,1.5,2.545454545,2.125,1.857142857,1,2,2,3
Trumpetfish,Fish,240,0,1.5,1.5,0,1.4,0,0,0,0,0,0,0,0,1.666666667,1.666666667,60.97916667,1.25,2,1,2,0,1.666666667,1,1.666666667,0,1,1.5,0,0,0,0,0,1,0,0,1,1,0,0,1,0,0,1,0,1,1,1,1,1,1,1,1,0,0,0,0,0,0,1,1,1.25,0,0,2,1,1,0,0,1.5,0,1.333333333,0,0,1,0,1,0,1,1.25,0,0,0,1,1,2,0,2,1.5,1,1.5,1,1.666666667
Yellowhead Jawfish,Unidentified,241,0,0,0,0,0,0,0,0,0,0,0,0,0,0,0,0,0,0,0,0,0,1,0,1,0,0,1,1,1,0,1.2,1,0,0,2,0,0,0,0,1,1,0,1.333333333,0,1,1,1,1.5,0,0,0,2,0,2,0,1,0,0,0,1.5,0,2.5,0,0,1,1,0,0,0,0,0,0,0,0,0,0,0,0,0,0,0,0,0,0,0,0,0,0,1,0,0,0
Green Sea Turtle,Sponges,242,0,0,0,0,0,0,0,0,0,0,0,0,0,0,0,0,0,0,0,0,0,0,0,0,0,0,0,0,0,0,1,0,0,0,0,1,2,1,1.333333333,1,0,1.571428571,1,0,1,2,0,0,0,0,0,0,1,1,1,0,0,2,0,0,1,0,0,1,0,0,0,1,0,0,1,0,1,0,1,0,0,0,0,0,0,1,1,1,1,1,1.25,1,1,1,1,1
Hawksbill Sea Turtle,Sponges,243,0,0,0,0,0,0,0,0,0,0,0,0,0,0,0,0,0,0,0,0,0,0,0,0,1,0,0,2,0,1,0,0,0,0,0,1,2,1,1,2,1,1,0,1,1,0,0,0,0,1,0,0,0,1,0,0,0,2,0,1,0,0,0,1,0,0,2,1,0,0,0,0,0,0,0,0,0,0,0,1,0,0,0,0,2,1,0,0,0,0,0,0
Loggerhead Sea Turtle,Sponges,244,0,0,0,0,0,0,0,0,0,0,0,0,0,0,0,0,0,0,0,0,0,0,0,0,0,0,0,0,0,1,0,0,0,0,0,0,0,0,0,0,0,0,0,0,0,2,0,0,0,0,0,0,0,0,0,0,0,0,0,0,0,0,0,0,0,0,0,0,0,0,0,0,0,0,0,0,0,0,0,0,0,0,0,0,0,2,0,0,0,0,0,0
Unidentified Sea Turtle,Sponges,245,0,0,0,0,0,0,0,0,0,0,0,0,0,0,0,0,0,0,0,0,0,0,0,0,0,0,0,1,0,0,1,0,0,2,0,0,1,1,1,0,0,2,0,0,1,0,0,0,0,0,1,2,1,1,1,0,0,0,0,0,0,0,0,0,0,0,0,0,0,0,0,0,0,0,0,0,0,0,0,0,0,0,0,0,1,0,0,0,0,0,0,0
Lionfish,Fish,246,0,0,0,0,0,0,0,0,0,0,0,0,0,0,0,0,0,0,0,0,0,0,0,0,0,0,0,0,0,0,0,0,0,0,0,0,0,0,0,0,0,0,0,1,1,2,1,1,2,0,1,1,2.333333333,1.333333333,1,1,0,1.25,0,1.4,1.6,2,1,1.333333333,1,1.4,1,1,1,2,1,0,0,2,1,1,1,2,1,0,1.5,0,1.333333333,1.25,1,1,1.5,1.75,0,1,1.25,1.25